"year","length","budget","votes","genre","rating","is_high_rating","is_high_rating_factor","log_votes"
1963,107,11.4,225,"Romance",3.1,0,"Poor (<=7)",5.42053499927229
1992,32,15.4,6,"Documentary",7.7,1,"Good (>7)",1.94591014905531
1964,87,9.4,34,"Comedy",5.5,0,"Poor (<=7)",3.55534806148941
2003,95,13.3,22,"Action",4.9,0,"Poor (<=7)",3.13549421592915
1983,96,9.6,10,"Drama",2.9,0,"Poor (<=7)",2.39789527279837
1989,92,12,200,"Action",4.2,0,"Poor (<=7)",5.30330490805908
1940,81,16,7,"Drama",5.3,0,"Poor (<=7)",2.07944154167984
1906,8,11,5,"Drama",7.7,1,"Good (>7)",1.79175946922805
1995,125,12.7,21,"Drama",3.8,0,"Poor (<=7)",3.09104245335832
1980,97,10.6,71,"Comedy",8.2,1,"Good (>7)",4.27666611901606
1940,10,9.1,6,"Documentary",8,1,"Good (>7)",1.94591014905531
1959,95,11.7,19,"Comedy",8.7,1,"Good (>7)",2.99573227355399
1988,104,14.8,892,"Drama",4.5,0,"Poor (<=7)",6.7945865808765
2001,75,12.8,16,"Animation",2.6,0,"Poor (<=7)",2.83321334405622
1940,68,6.3,28,"Drama",3.6,0,"Poor (<=7)",3.36729582998647
1969,80,5.1,66,"Drama",3.9,0,"Poor (<=7)",4.20469261939097
1997,52,9.5,5,"Documentary",7.4,1,"Good (>7)",1.79175946922805
1990,6,14.6,7,"Animation",8.3,1,"Good (>7)",2.07944154167984
1994,93,15.3,79,"Drama",3.8,0,"Poor (<=7)",4.38202663467388
2000,20,11,5,"Short",8.4,1,"Good (>7)",1.79175946922805
1949,6,16.2,13,"Animation",8.6,1,"Good (>7)",2.63905732961526
2002,97,8.8,231,"Comedy",2.7,0,"Poor (<=7)",5.44673737166631
2003,143,12.2,443,"Drama",4.3,0,"Poor (<=7)",6.09582456243222
1968,90,9.8,6,"Drama",3.3,0,"Poor (<=7)",1.94591014905531
1950,71,7.3,44,"Comedy",3.4,0,"Poor (<=7)",3.80666248977032
1915,11,8.7,8,"Comedy",7.8,1,"Good (>7)",2.19722457733622
1984,97,17.7,147,"Action",8.6,1,"Good (>7)",4.99721227376411
1963,76,7.2,167,"Action",3.4,0,"Poor (<=7)",5.12396397940326
1970,77,15.5,8,"Comedy",7.8,1,"Good (>7)",2.19722457733622
1999,157,9.8,28780,"Drama",4.5,0,"Poor (<=7)",10.2674707261894
1998,87,6.8,35,"Comedy",3.1,0,"Poor (<=7)",3.58351893845611
1982,90,13.6,24,"Drama",3,0,"Poor (<=7)",3.2188758248682
1955,8,9.7,7,"Animation",2,0,"Poor (<=7)",2.07944154167984
1967,78,20.6,14,"Drama",7.8,1,"Good (>7)",2.70805020110221
2004,96,13.5,108,"Comedy",4,0,"Poor (<=7)",4.69134788222914
1983,5,14.1,31,"Animation",7.9,1,"Good (>7)",3.46573590279973
1988,288,8.3,126,"Drama",3.4,0,"Poor (<=7)",4.84418708645859
1989,80,13.1,36,"Documentary",8.3,1,"Good (>7)",3.61091791264422
1981,83,9.3,50,"Action",1.4,0,"Poor (<=7)",3.93182563272433
2003,97,10.7,43,"Action",4.2,0,"Poor (<=7)",3.78418963391826
2001,70,14.5,48,"Drama",3.6,0,"Poor (<=7)",3.89182029811063
1969,107,10.8,61,"Action",4.2,0,"Poor (<=7)",4.12713438504509
1977,93,11,50,"Comedy",7.5,1,"Good (>7)",3.93182563272433
2002,28,13.1,8,"Documentary",8.1,1,"Good (>7)",2.19722457733622
1994,75,10.7,16,"Comedy",8.3,1,"Good (>7)",2.83321334405622
1994,109,8.2,435,"Documentary",5.7,0,"Poor (<=7)",6.07764224334903
2000,110,9.1,1440,"Comedy",4.8,0,"Poor (<=7)",7.27309259599952
1958,85,12.5,25,"Comedy",7.7,1,"Good (>7)",3.25809653802148
1960,80,13.7,69,"Action",3.8,0,"Poor (<=7)",4.24849524204936
1966,91,12.6,829,"Action",2.6,0,"Poor (<=7)",6.72142570079064
1996,106,12.4,16,"Action",5.3,0,"Poor (<=7)",2.83321334405622
1985,97,11.8,5022,"Comedy",8.2,1,"Good (>7)",8.52178264375005
1989,47,14.1,27,"Action",4.6,0,"Poor (<=7)",3.3322045101752
1973,99,14.5,46,"Drama",2.8,0,"Poor (<=7)",3.85014760171006
2001,87,5.4,37,"Drama",4,0,"Poor (<=7)",3.63758615972639
1999,93,10.1,404,"Comedy",3.9,0,"Poor (<=7)",6.00388706710654
1960,94,16,10,"Comedy",8.5,1,"Good (>7)",2.39789527279837
1993,90,12.5,23,"Action",3.7,0,"Poor (<=7)",3.17805383034795
1984,95,15.8,16,"Drama",3.8,0,"Poor (<=7)",2.83321334405622
1979,100,14.3,6,"Drama",4,0,"Poor (<=7)",1.94591014905531
1999,190,13.9,13,"Drama",4.3,0,"Poor (<=7)",2.63905732961526
1956,98,18.7,6736,"Drama",3.9,0,"Poor (<=7)",8.81537000096066
1970,93,9.9,8,"Comedy",5.2,0,"Poor (<=7)",2.19722457733622
2004,100,15.2,23,"Comedy",7.7,1,"Good (>7)",3.17805383034795
1964,118,9.5,1575,"Comedy",4,0,"Poor (<=7)",7.36264527041782
1993,112,11.5,15,"Action",4.2,0,"Poor (<=7)",2.77258872223978
2002,90,10.5,41,"Action",3.7,0,"Poor (<=7)",3.73766961828337
2002,62,13,11,"Documentary",7.9,1,"Good (>7)",2.484906649788
1989,98,6.6,12,"Drama",3.2,0,"Poor (<=7)",2.56494935746154
1939,112,11.4,72,"Drama",4.5,0,"Poor (<=7)",4.29045944114839
1976,87,8.5,34,"Action",8.2,1,"Good (>7)",3.55534806148941
2001,5,13.7,8,"Short",7.7,1,"Good (>7)",2.19722457733622
1998,19,14.2,46,"Comedy",7.4,1,"Good (>7)",3.85014760171006
1972,76,15.9,15,"Drama",3.1,0,"Poor (<=7)",2.77258872223978
2002,96,11,27,"Drama",3.9,0,"Poor (<=7)",3.3322045101752
2002,94,7.8,8,"Action",4.6,0,"Poor (<=7)",2.19722457733622
1999,114,13.3,17,"Action",3.9,0,"Poor (<=7)",2.89037175789616
1992,45,9.2,10,"Action",7.6,1,"Good (>7)",2.39789527279837
1951,7,14.9,15,"Animation",7.8,1,"Good (>7)",2.77258872223978
1961,77,9.2,95,"Drama",4.6,0,"Poor (<=7)",4.56434819146784
1958,101,9.6,164,"Action",5.6,0,"Poor (<=7)",5.10594547390058
2003,3,10.4,26,"Animation",8,1,"Good (>7)",3.29583686600433
1965,92,9.4,302,"Action",8.6,1,"Good (>7)",5.71373280550937
2000,85,9.8,8,"Comedy",8.8,1,"Good (>7)",2.19722457733622
1933,114,10.5,12,"Drama",3.5,0,"Poor (<=7)",2.56494935746154
2004,9,14,10,"Short",8.3,1,"Good (>7)",2.39789527279837
1958,7,15.2,26,"Animation",8.3,1,"Good (>7)",3.29583686600433
2000,14,12,6,"Drama",7.5,1,"Good (>7)",1.94591014905531
1944,95,10.2,8,"Action",4.9,0,"Poor (<=7)",2.19722457733622
1990,94,12.5,29,"Drama",4.2,0,"Poor (<=7)",3.40119738166216
1968,91,8.4,11,"Action",4.1,0,"Poor (<=7)",2.484906649788
1978,82,14.9,19,"Action",5,0,"Poor (<=7)",2.99573227355399
1989,88,10.6,8,"Drama",2.8,0,"Poor (<=7)",2.19722457733622
1969,89,11.7,17,"Drama",3.4,0,"Poor (<=7)",2.89037175789616
1989,40,11.8,23,"Short",7.9,1,"Good (>7)",3.17805383034795
1953,70,11.4,17,"Action",3.4,0,"Poor (<=7)",2.89037175789616
1998,87,14.8,17,"Comedy",7.8,1,"Good (>7)",2.89037175789616
1995,14,9.5,8,"Short",7.9,1,"Good (>7)",2.19722457733622
1988,125,14.1,107,"Comedy",8.1,1,"Good (>7)",4.68213122712422
2003,90,11.4,23,"Comedy",8.1,1,"Good (>7)",3.17805383034795
1975,108,14.5,154,"Action",7.7,1,"Good (>7)",5.04342511691925
1930,67,14.9,16,"Action",3.8,0,"Poor (<=7)",2.83321334405622
2003,12,11.1,12,"Comedy",8.1,1,"Good (>7)",2.56494935746154
1942,9,10.4,6,"Documentary",7.9,1,"Good (>7)",1.94591014905531
2001,92,16.9,14,"Comedy",8.3,1,"Good (>7)",2.70805020110221
1997,112,14.7,16,"Action",3.3,0,"Poor (<=7)",2.83321334405622
2000,108,13.5,3131,"Comedy",5.1,0,"Poor (<=7)",8.0494270571107
1990,82,11.9,1253,"Comedy",5.3,0,"Poor (<=7)",7.13409372119287
1936,60,16.2,20,"Action",7.8,1,"Good (>7)",3.04452243772342
1983,110,11.8,20,"Drama",3.8,0,"Poor (<=7)",3.04452243772342
2000,105,12.1,204,"Documentary",8.2,1,"Good (>7)",5.32300997913841
1990,83,13,12,"Action",4.5,0,"Poor (<=7)",2.56494935746154
1988,99,10.2,18,"Action",3.5,0,"Poor (<=7)",2.94443897916644
1974,153,10.1,20,"Drama",5.7,0,"Poor (<=7)",3.04452243772342
1951,81,16.2,66,"Action",4.3,0,"Poor (<=7)",4.20469261939097
1976,91,8.7,5,"Action",3.1,0,"Poor (<=7)",1.79175946922805
1957,88,14.3,33,"Action",3.8,0,"Poor (<=7)",3.52636052461616
2002,2,13.7,18,"Comedy",8.3,1,"Good (>7)",2.94443897916644
1999,147,10.2,22,"Drama",4.1,0,"Poor (<=7)",3.13549421592915
2000,122,12.4,4746,"Drama",3.2,0,"Poor (<=7)",8.46526811855132
1997,82,12.6,131,"Comedy",7.6,1,"Good (>7)",4.88280192258637
1941,119,13.4,732,"Drama",3.1,0,"Poor (<=7)",6.59714570188665
1993,95,12.5,2478,"Comedy",8.3,1,"Good (>7)",7.81561053203519
1975,94,12.4,40,"Drama",2.8,0,"Poor (<=7)",3.71357206670431
1962,80,11.6,19,"Drama",2.6,0,"Poor (<=7)",2.99573227355399
2003,89,12.6,206,"Comedy",2.3,0,"Poor (<=7)",5.33271879326537
1997,91,13.6,6,"Romance",0.8,0,"Poor (<=7)",1.94591014905531
2002,17,14.9,7,"Short",7.8,1,"Good (>7)",2.07944154167984
2003,21,15.5,20,"Short",8.8,1,"Good (>7)",3.04452243772342
1962,85,13,16,"Drama",4.2,0,"Poor (<=7)",2.83321334405622
1982,85,6.5,37,"Drama",5.2,0,"Poor (<=7)",3.63758615972639
2001,7,14.7,13,"Animation",3.1,0,"Poor (<=7)",2.63905732961526
1963,88,10.4,42,"Comedy",4.6,0,"Poor (<=7)",3.76120011569356
1933,8,11.1,16,"Animation",7.7,1,"Good (>7)",2.83321334405622
1999,15,11.4,76,"Drama",8.4,1,"Good (>7)",4.34380542185368
1988,95,11.7,12,"Comedy",7.6,1,"Good (>7)",2.56494935746154
1973,90,14.9,33,"Action",4.2,0,"Poor (<=7)",3.52636052461616
1939,55,10.5,9,"Action",4.5,0,"Poor (<=7)",2.30258509299405
1980,93,12.6,140,"Action",3.8,0,"Poor (<=7)",4.94875989037817
1954,171,10.2,55,"Drama",5.2,0,"Poor (<=7)",4.02535169073515
2000,15,16.1,6,"Short",8,1,"Good (>7)",1.94591014905531
2004,85,7.8,58,"Comedy",4,0,"Poor (<=7)",4.07753744390572
1964,106,10.8,280,"Drama",2.8,0,"Poor (<=7)",5.63835466933375
2002,93,14.8,3324,"Drama",4.4,0,"Poor (<=7)",8.10922495308995
1972,86,17.2,125,"Action",8.8,1,"Good (>7)",4.83628190695148
1982,84,6.1,3983,"Comedy",4.7,0,"Poor (<=7)",8.29004161870449
1990,93,9.2,10,"Drama",4.5,0,"Poor (<=7)",2.39789527279837
1971,84,11.5,8,"Comedy",7.1,1,"Good (>7)",2.19722457733622
1980,10,6.6,14,"Documentary",8,1,"Good (>7)",2.70805020110221
2001,80,9.4,94,"Comedy",4.3,0,"Poor (<=7)",4.55387689160054
1993,100,14.9,681,"Comedy",8.5,1,"Good (>7)",6.52502965784346
2003,105,11.4,1295,"Drama",4.5,0,"Poor (<=7)",7.16703787691222
1968,107,13.9,56,"Drama",4.6,0,"Poor (<=7)",4.04305126783455
1934,52,9.3,5,"Action",3.5,0,"Poor (<=7)",1.79175946922805
1959,149,12.8,1197,"Drama",1.2,0,"Poor (<=7)",7.0884087786754
2001,97,14.5,207,"Drama",2.5,0,"Poor (<=7)",5.33753807970132
1948,120,12.9,148,"Comedy",8.2,1,"Good (>7)",5.00394630594546
2002,8,10.5,36,"Short",8,1,"Good (>7)",3.61091791264422
1970,106,10.3,136,"Drama",3.4,0,"Poor (<=7)",4.91998092582813
1969,110,11.1,13,"Drama",2.2,0,"Poor (<=7)",2.63905732961526
1980,105,20.3,50,"Comedy",7.9,1,"Good (>7)",3.93182563272433
1961,95,9.8,17,"Action",5.1,0,"Poor (<=7)",2.89037175789616
1999,20,12,56,"Short",8.4,1,"Good (>7)",4.04305126783455
1918,80,10,5,"Drama",4.5,0,"Poor (<=7)",1.79175946922805
1981,90,6.9,10,"Documentary",2.5,0,"Poor (<=7)",2.39789527279837
1958,100,15.6,21,"Drama",2.2,0,"Poor (<=7)",3.09104245335832
1921,93,12.6,72,"Action",6.4,0,"Poor (<=7)",4.29045944114839
2002,82,11.6,34,"Drama",2.9,0,"Poor (<=7)",3.55534806148941
1955,82,10.1,16,"Drama",4.7,0,"Poor (<=7)",2.83321334405622
2002,96,10.5,56,"Comedy",8.2,1,"Good (>7)",4.04305126783455
1996,110,14.5,10,"Action",5,0,"Poor (<=7)",2.39789527279837
1932,66,14.6,29,"Comedy",8.4,1,"Good (>7)",3.40119738166216
1956,92,16.7,66,"Drama",3.7,0,"Poor (<=7)",4.20469261939097
1969,81,13.2,18,"Action",3,0,"Poor (<=7)",2.94443897916644
1940,110,9.2,87,"Comedy",4.3,0,"Poor (<=7)",4.47733681447821
1997,12,13.8,38,"Animation",2.5,0,"Poor (<=7)",3.66356164612965
2001,81,9.9,7,"Drama",2.5,0,"Poor (<=7)",2.07944154167984
1959,81,12.5,36,"Action",2.9,0,"Poor (<=7)",3.61091791264422
1988,81,9.5,8,"Drama",3.1,0,"Poor (<=7)",2.19722457733622
1987,98,8,55,"Action",3.6,0,"Poor (<=7)",4.02535169073515
1954,83,15.4,10,"Action",5,0,"Poor (<=7)",2.39789527279837
2003,88,13,596,"Documentary",7.2,1,"Good (>7)",6.3919171133926
2004,170,11.4,16217,"Drama",4.6,0,"Poor (<=7)",9.6938770155045
2001,123,11.4,109,"Comedy",7.8,1,"Good (>7)",4.70048036579242
2004,6,18,5,"Short",8.5,1,"Good (>7)",1.79175946922805
1984,21,10.9,12,"Documentary",8.1,1,"Good (>7)",2.56494935746154
1994,116,9,32979,"Action",2,0,"Poor (<=7)",10.4036565961136
1976,100,12.8,9,"Comedy",7.9,1,"Good (>7)",2.30258509299405
1976,30,10.7,5,"Documentary",8.1,1,"Good (>7)",1.79175946922805
1948,74,16.5,20,"Documentary",7.7,1,"Good (>7)",3.04452243772342
1936,85,15.6,5,"Action",4.6,0,"Poor (<=7)",1.79175946922805
1942,80,13.3,8,"Action",4.6,0,"Poor (<=7)",2.19722457733622
2000,6,12.5,16,"Short",8.3,1,"Good (>7)",2.83321334405622
1957,78,9.1,18,"Drama",3.9,0,"Poor (<=7)",2.94443897916644
2005,93,10.3,39,"Documentary",7.1,1,"Good (>7)",3.68887945411394
1997,78,10.5,70,"Documentary",7.6,1,"Good (>7)",4.26267987704132
1999,16,15.8,17,"Short",8,1,"Good (>7)",2.89037175789616
1987,88,14.9,6,"Comedy",7.7,1,"Good (>7)",1.94591014905531
1944,107,12.4,54,"Comedy",7.9,1,"Good (>7)",4.00733318523247
1992,107,13.9,13,"Drama",1.9,0,"Poor (<=7)",2.63905732961526
1982,97,13,10,"Drama",4.2,0,"Poor (<=7)",2.39789527279837
2000,95,15.1,59,"Action",7.8,1,"Good (>7)",4.0943445622221
1953,95,10.1,15,"Comedy",8,1,"Good (>7)",2.77258872223978
2003,135,10.6,7860,"Action",3.8,0,"Poor (<=7)",8.96966910379376
1999,100,10.3,48,"Drama",3.7,0,"Poor (<=7)",3.89182029811063
1996,112,7.1,7452,"Comedy",2.5,0,"Poor (<=7)",8.91637191488169
1940,205,8.6,28,"Action",3.6,0,"Poor (<=7)",3.36729582998647
1986,103,9.1,267,"Drama",3.3,0,"Poor (<=7)",5.59098698051086
1995,90,11.7,11,"Comedy",7.8,1,"Good (>7)",2.484906649788
1994,136,8.1,686,"Comedy",3.9,0,"Poor (<=7)",6.53233429222235
1976,96,12.2,56,"Comedy",8.2,1,"Good (>7)",4.04305126783455
1951,77,13.9,38,"Action",4.7,0,"Poor (<=7)",3.66356164612965
2002,80,10,5,"Action",2.1,0,"Poor (<=7)",1.79175946922805
1949,7,11.7,94,"Animation",8.7,1,"Good (>7)",4.55387689160054
1993,130,12.3,9,"Action",3.7,0,"Poor (<=7)",2.30258509299405
1997,86,7.6,18,"Action",3.7,0,"Poor (<=7)",2.94443897916644
1984,126,13.8,9,"Action",2.9,0,"Poor (<=7)",2.30258509299405
1987,86,11,51,"Comedy",7.5,1,"Good (>7)",3.95124371858143
1934,6,12.6,45,"Animation",8.6,1,"Good (>7)",3.8286413964891
1922,60,15.7,109,"Comedy",8,1,"Good (>7)",4.70048036579242
1956,80,14.4,211,"Comedy",8.5,1,"Good (>7)",5.35658627467201
1999,12,13,25,"Short",8.3,1,"Good (>7)",3.25809653802148
1999,56,8.7,7,"Documentary",7.4,1,"Good (>7)",2.07944154167984
1958,79,12.8,40,"Drama",4.9,0,"Poor (<=7)",3.71357206670431
2003,114,11.2,1332,"Comedy",4.4,0,"Poor (<=7)",7.19518732017871
1986,109,16.1,17,"Drama",6.4,0,"Poor (<=7)",2.89037175789616
1995,20,10.2,5,"Short",8.3,1,"Good (>7)",1.79175946922805
2003,109,15.6,190,"Comedy",3.9,0,"Poor (<=7)",5.25227342804663
2002,109,13.9,8003,"Comedy",8.5,1,"Good (>7)",8.98769669570362
1947,96,6.3,154,"Comedy",5.2,0,"Poor (<=7)",5.04342511691925
1997,120,7.7,291,"Comedy",3.6,0,"Poor (<=7)",5.67675380226828
2004,115,17.1,25,"Drama",4.2,0,"Poor (<=7)",3.25809653802148
1936,10,11.4,9,"Documentary",7.9,1,"Good (>7)",2.30258509299405
2000,86,13.9,420,"Action",3.7,0,"Poor (<=7)",6.04263283368238
2003,7,10.1,16,"Short",7.8,1,"Good (>7)",2.83321334405622
1948,70,10.3,15,"Action",3.7,0,"Poor (<=7)",2.77258872223978
1944,7,11.1,48,"Animation",8.3,1,"Good (>7)",3.89182029811063
1957,84,8.1,20,"Drama",3.5,0,"Poor (<=7)",3.04452243772342
1993,96,13.1,22118,"Action",8.2,1,"Good (>7)",10.0041922466578
1962,83,9.1,9,"Comedy",4,0,"Poor (<=7)",2.30258509299405
1998,89,9.1,242,"Comedy",5.6,0,"Poor (<=7)",5.49306144334055
1979,105,10.9,34,"Comedy",8.3,1,"Good (>7)",3.55534806148941
1971,88,11.8,123,"Comedy",4.8,0,"Poor (<=7)",4.82028156560504
1992,82,16.7,5,"Action",8.1,1,"Good (>7)",1.79175946922805
1975,180,15,13,"Action",3.2,0,"Poor (<=7)",2.63905732961526
1950,107,8.4,529,"Comedy",4.8,0,"Poor (<=7)",6.27287700654617
1993,90,18.5,116,"Action",7.7,1,"Good (>7)",4.76217393479776
2002,120,11.5,51,"Documentary",7.2,1,"Good (>7)",3.95124371858143
1996,30,13.4,12,"Animation",8.4,1,"Good (>7)",2.56494935746154
1982,75,13.2,12,"Action",3.5,0,"Poor (<=7)",2.56494935746154
1980,92,7,21,"Comedy",4.5,0,"Poor (<=7)",3.09104245335832
1953,54,14.2,6,"Action",3.4,0,"Poor (<=7)",1.94591014905531
1965,108,11.2,1414,"Comedy",7.5,1,"Good (>7)",7.25488481007734
2004,100,16.7,105,"Comedy",8.6,1,"Good (>7)",4.66343909411207
2003,83,7.2,23,"Drama",4,0,"Poor (<=7)",3.17805383034795
1945,92,14.1,37,"Drama",4.4,0,"Poor (<=7)",3.63758615972639
1997,101,17.4,422,"Comedy",8,1,"Good (>7)",6.04737217904628
1932,71,15.4,25,"Drama",3.6,0,"Poor (<=7)",3.25809653802148
1938,96,9,7,"Drama",3.8,0,"Poor (<=7)",2.07944154167984
1937,82,10.6,21,"Action",3.4,0,"Poor (<=7)",3.09104245335832
1985,92,12.4,5,"Action",2.7,0,"Poor (<=7)",1.79175946922805
2000,93,8.9,6,"Comedy",4,0,"Poor (<=7)",1.94591014905531
1954,7,7.7,77,"Animation",8.2,1,"Good (>7)",4.35670882668959
1946,98,14.2,12,"Drama",3,0,"Poor (<=7)",2.56494935746154
1999,88,13.4,2766,"Comedy",8.2,1,"Good (>7)",7.92551897978693
1959,83,11.9,6,"Drama",4.6,0,"Poor (<=7)",1.94591014905531
1947,93,14.3,9,"Action",4.6,0,"Poor (<=7)",2.30258509299405
1999,17,12.7,5,"Short",7.9,1,"Good (>7)",1.79175946922805
1985,19,8.4,6,"Short",8.1,1,"Good (>7)",1.94591014905531
2001,123,9.1,1933,"Comedy",5.9,0,"Poor (<=7)",7.56734567601324
1960,70,7.5,16,"Drama",2.7,0,"Poor (<=7)",2.83321334405622
1986,90,16.3,17,"Drama",6.1,0,"Poor (<=7)",2.89037175789616
2001,91,11.7,13,"Drama",3.1,0,"Poor (<=7)",2.63905732961526
1929,75,12.4,9,"Documentary",7.8,1,"Good (>7)",2.30258509299405
1962,85,11.1,11,"Drama",2.6,0,"Poor (<=7)",2.484906649788
1998,80,9.2,63,"Drama",3.8,0,"Poor (<=7)",4.15888308335967
1995,100,11.1,1285,"Drama",4.4,0,"Poor (<=7)",7.15929190479756
1987,90,15.3,54,"Action",3.4,0,"Poor (<=7)",4.00733318523247
1989,5,14.9,1302,"Animation",7.7,1,"Good (>7)",7.17242457712485
1943,84,9.2,57,"Action",4.8,0,"Poor (<=7)",4.06044301054642
1999,95,9.9,53,"Action",5.1,0,"Poor (<=7)",3.98898404656427
1995,108,15.7,12,"Action",3.1,0,"Poor (<=7)",2.56494935746154
2003,61,7.4,12,"Drama",3.8,0,"Poor (<=7)",2.56494935746154
1972,126,11.3,1306,"Drama",1.7,0,"Poor (<=7)",7.17548971362422
2003,19,9.6,20,"Drama",8.2,1,"Good (>7)",3.04452243772342
2001,97,16.1,81,"Drama",3.3,0,"Poor (<=7)",4.40671924726425
1991,109,14.5,218,"Comedy",8.1,1,"Good (>7)",5.3890717298165
1992,92,11.9,5,"Comedy",7.8,1,"Good (>7)",1.79175946922805
1980,91,14.6,262,"Action",4.9,0,"Poor (<=7)",5.57215403217776
1971,138,17.4,33,"Action",8.2,1,"Good (>7)",3.52636052461616
1963,110,15.8,9,"Drama",3.8,0,"Poor (<=7)",2.30258509299405
1998,54,15.9,10,"Documentary",8.7,1,"Good (>7)",2.39789527279837
1997,101,15.5,26071,"Drama",3.1,0,"Poor (<=7)",10.1686172205174
1998,89,12.5,20,"Action",3.8,0,"Poor (<=7)",3.04452243772342
1944,26,8.4,156,"Short",8.9,1,"Good (>7)",5.05624580534831
1996,75,10.6,7,"Documentary",8,1,"Good (>7)",2.07944154167984
1945,95,12.7,9,"Comedy",8.2,1,"Good (>7)",2.30258509299405
1953,65,13.6,40,"Comedy",8,1,"Good (>7)",3.71357206670431
1980,83,15.7,7,"Action",8.4,1,"Good (>7)",2.07944154167984
1990,89,13.9,157,"Comedy",8.2,1,"Good (>7)",5.06259503302697
1998,90,7.1,20,"Action",3.7,0,"Poor (<=7)",3.04452243772342
1998,58,11.6,14,"Documentary",8.1,1,"Good (>7)",2.70805020110221
1998,17,15.1,16,"Short",7.9,1,"Good (>7)",2.83321334405622
1983,93,13.7,19,"Drama",4.1,0,"Poor (<=7)",2.99573227355399
2003,85,12.8,22,"Comedy",5.9,0,"Poor (<=7)",3.13549421592915
1997,105,12.7,28,"Documentary",8.5,1,"Good (>7)",3.36729582998647
1986,96,14.2,2012,"Comedy",8,1,"Good (>7)",7.60738142563979
1950,88,15.5,61,"Drama",3.7,0,"Poor (<=7)",4.12713438504509
1967,72,6.1,28,"Comedy",8.3,1,"Good (>7)",3.36729582998647
1948,8,8.3,51,"Animation",3.6,0,"Poor (<=7)",3.95124371858143
1927,155,11.1,178,"Drama",4.7,0,"Poor (<=7)",5.18738580584075
1980,119,5.5,12,"Action",3.9,0,"Poor (<=7)",2.56494935746154
1988,83,11.8,632,"Comedy",8.6,1,"Good (>7)",6.45047042214418
1944,137,11.2,197,"Drama",4.3,0,"Poor (<=7)",5.28826703069454
1998,93,11.4,30,"Documentary",8.6,1,"Good (>7)",3.43398720448515
1998,108,9.7,48,"Drama",4.4,0,"Poor (<=7)",3.89182029811063
1959,73,12.2,8,"Action",3.5,0,"Poor (<=7)",2.19722457733622
1976,132,12.3,2118,"Action",5.2,0,"Poor (<=7)",7.6586995582683
1995,106,16.5,4089,"Comedy",7.9,1,"Good (>7)",8.31630024903685
1982,98,11.9,912,"Comedy",3.6,0,"Poor (<=7)",6.81673588059497
1971,87,16.4,90,"Drama",3.9,0,"Poor (<=7)",4.51085950651685
1998,91,11.5,82,"Drama",3.9,0,"Poor (<=7)",4.4188406077966
2004,103,14.7,15,"Comedy",8.5,1,"Good (>7)",2.77258872223978
1927,48,11.2,6,"Comedy",8.2,1,"Good (>7)",1.94591014905531
1995,86,12.9,33,"Action",5.2,0,"Poor (<=7)",3.52636052461616
1938,90,9.8,44,"Drama",3.2,0,"Poor (<=7)",3.80666248977032
1971,7,14.4,22,"Animation",7.3,1,"Good (>7)",3.13549421592915
1997,102,10.1,18,"Drama",4.5,0,"Poor (<=7)",2.94443897916644
1994,85,17.8,78,"Drama",3.5,0,"Poor (<=7)",4.36944785246702
1999,90,12.2,67,"Comedy",7.9,1,"Good (>7)",4.21950770517611
1942,100,12.4,239,"Comedy",4,0,"Poor (<=7)",5.48063892334199
1994,87,16.4,14,"Comedy",7.7,1,"Good (>7)",2.70805020110221
1987,52,6.3,22,"Drama",4.1,0,"Poor (<=7)",3.13549421592915
1995,93,9.9,35,"Drama",3.9,0,"Poor (<=7)",3.58351893845611
1942,64,10.6,94,"Action",4.8,0,"Poor (<=7)",4.55387689160054
1934,71,18.6,15,"Drama",4.1,0,"Poor (<=7)",2.77258872223978
2002,83,13.2,67,"Drama",4,0,"Poor (<=7)",4.21950770517611
2000,100,15.6,8,"Comedy",4.6,0,"Poor (<=7)",2.19722457733622
1989,75,11.5,15,"Action",4.9,0,"Poor (<=7)",2.77258872223978
1996,8,10.4,18,"Comedy",8.7,1,"Good (>7)",2.94443897916644
1958,73,14,6,"Drama",5,0,"Poor (<=7)",1.94591014905531
1971,101,10.6,58,"Comedy",3.8,0,"Poor (<=7)",4.07753744390572
1999,9,11.7,54,"Short",7.7,1,"Good (>7)",4.00733318523247
1999,99,16.4,670,"Drama",4.9,0,"Poor (<=7)",6.50876913697168
1985,97,17.8,73,"Comedy",7.8,1,"Good (>7)",4.30406509320417
1954,104,16.8,412,"Drama",3.4,0,"Poor (<=7)",6.02344759296103
1966,105,10,5,"Comedy",5.1,0,"Poor (<=7)",1.79175946922805
2000,130,16.8,1145,"Drama",4.2,0,"Poor (<=7)",7.04403289727469
1942,7,10.5,128,"Animation",8.7,1,"Good (>7)",4.85981240436167
1994,96,9.3,1222,"Comedy",4,0,"Poor (<=7)",7.10906213568717
1998,106,8.2,11,"Drama",3.8,0,"Poor (<=7)",2.484906649788
1971,120,9.1,9,"Action",5.2,0,"Poor (<=7)",2.30258509299405
1999,13,10.8,26,"Animation",4.1,0,"Poor (<=7)",3.29583686600433
1985,119,11.9,111,"Drama",3.8,0,"Poor (<=7)",4.71849887129509
2003,88,14.7,20,"Documentary",7.8,1,"Good (>7)",3.04452243772342
2005,99,16.6,9,"Documentary",8,1,"Good (>7)",2.30258509299405
1998,89,10.8,10,"Action",3.9,0,"Poor (<=7)",2.39789527279837
2003,5,13.6,10,"Animation",7.7,1,"Good (>7)",2.39789527279837
2000,76,12.6,5,"Comedy",8.1,1,"Good (>7)",1.79175946922805
1993,104,16.7,5376,"Action",7.4,1,"Good (>7)",8.58988587680968
1979,90,13.2,12,"Action",4,0,"Poor (<=7)",2.56494935746154
1964,99,8.9,12,"Drama",3,0,"Poor (<=7)",2.56494935746154
1993,84,11.3,8,"Action",3.3,0,"Poor (<=7)",2.19722457733622
1942,88,14.6,1224,"Comedy",5,0,"Poor (<=7)",7.11069612297883
1971,91,16.5,61,"Drama",5.1,0,"Poor (<=7)",4.12713438504509
1947,144,14.6,29,"Drama",4,0,"Poor (<=7)",3.40119738166216
1991,158,12.9,2065,"Drama",6.3,0,"Poor (<=7)",7.63336964967958
1938,70,5.9,58,"Comedy",2.8,0,"Poor (<=7)",4.07753744390572
1966,95,12.4,763,"Drama",4,0,"Poor (<=7)",6.63856778916652
2003,72,13,42,"Documentary",8.2,1,"Good (>7)",3.76120011569356
1971,68,10.2,5,"Drama",4,0,"Poor (<=7)",1.79175946922805
1971,95,14.5,5,"Action",7.7,1,"Good (>7)",1.79175946922805
2004,105,14.1,1840,"Action",4.5,0,"Poor (<=7)",7.51806418123308
1943,76,6.8,13,"Action",4.3,0,"Poor (<=7)",2.63905732961526
1995,85,10.6,73,"Action",3.5,0,"Poor (<=7)",4.30406509320417
1942,11,10.6,5,"Short",7.3,1,"Good (>7)",1.79175946922805
2002,79,11.7,184,"Documentary",7.7,1,"Good (>7)",5.22035582507832
1994,119,6.9,8340,"Drama",3.6,0,"Poor (<=7)",9.02893839224161
2004,87,11.7,5,"Action",5.1,0,"Poor (<=7)",1.79175946922805
1994,117,11.6,190,"Drama",4.8,0,"Poor (<=7)",5.25227342804663
1999,102,18.7,7247,"Comedy",7.8,1,"Good (>7)",8.88848084772282
2003,90,8.1,9,"Comedy",3.5,0,"Poor (<=7)",2.30258509299405
1942,70,9.8,38,"Drama",3.6,0,"Poor (<=7)",3.66356164612965
1960,76,7,10,"Drama",2.6,0,"Poor (<=7)",2.39789527279837
1995,89,8.8,9,"Documentary",7.8,1,"Good (>7)",2.30258509299405
1999,105,15.6,92,"Drama",3,0,"Poor (<=7)",4.53259949315326
1941,104,18.8,395,"Drama",5.2,0,"Poor (<=7)",5.98141421125448
1992,90,15.3,9,"Drama",3.9,0,"Poor (<=7)",2.30258509299405
1991,86,12.2,152,"Comedy",2.7,0,"Poor (<=7)",5.03043792139244
1975,123,14.5,41,"Drama",3.4,0,"Poor (<=7)",3.73766961828337
1979,93,15.9,6,"Action",5.3,0,"Poor (<=7)",1.94591014905531
2003,80,12,9,"Action",3.6,0,"Poor (<=7)",2.30258509299405
1966,106,11.2,9,"Action",3.8,0,"Poor (<=7)",2.30258509299405
1988,101,10.1,274,"Action",4.3,0,"Poor (<=7)",5.61677109766657
1983,86,10.4,43,"Action",6.1,0,"Poor (<=7)",3.78418963391826
1971,131,14.1,4042,"Action",3.2,0,"Poor (<=7)",8.30474226964077
1928,62,12.4,7,"Drama",4.4,0,"Poor (<=7)",2.07944154167984
1937,70,10.7,100,"Drama",3.1,0,"Poor (<=7)",4.61512051684126
1914,54,8,17,"Comedy",3.9,0,"Poor (<=7)",2.89037175789616
1948,11,9.5,8,"Comedy",7.6,1,"Good (>7)",2.19722457733622
1943,67,15.9,25,"Action",8,1,"Good (>7)",3.25809653802148
1976,111,7,77,"Drama",4,0,"Poor (<=7)",4.35670882668959
2000,72,12.9,44,"Documentary",7.7,1,"Good (>7)",3.80666248977032
1997,105,12,10,"Action",4,0,"Poor (<=7)",2.39789527279837
1997,96,16.5,442,"Comedy",7.9,1,"Good (>7)",6.09356977004514
1952,78,8.4,29,"Drama",4.3,0,"Poor (<=7)",3.40119738166216
2004,48,7.9,12,"Documentary",3.8,0,"Poor (<=7)",2.56494935746154
1997,28,12.2,61,"Short",7.3,1,"Good (>7)",4.12713438504509
1963,79,15.2,14,"Comedy",8.1,1,"Good (>7)",2.70805020110221
1995,104,12.4,14874,"Action",7.9,1,"Good (>7)",9.60743723041383
1974,113,18.9,28,"Drama",6.5,0,"Poor (<=7)",3.36729582998647
1981,96,13.2,214,"Comedy",7.5,1,"Good (>7)",5.37063802812766
2000,113,16.1,1283,"Action",8.1,1,"Good (>7)",7.15773548424991
1948,67,15.5,10,"Action",7.9,1,"Good (>7)",2.39789527279837
1974,143,14.9,33,"Action",5.3,0,"Poor (<=7)",3.52636052461616
1958,85,7.6,9,"Action",3.4,0,"Poor (<=7)",2.30258509299405
1996,85,16.7,24,"Documentary",7.8,1,"Good (>7)",3.2188758248682
1991,105,12.1,9,"Romance",3.3,0,"Poor (<=7)",2.30258509299405
1961,68,8.5,10,"Action",2.6,0,"Poor (<=7)",2.39789527279837
1981,90,11.5,5,"Action",2.8,0,"Poor (<=7)",1.79175946922805
1989,100,11.3,40,"Action",4.3,0,"Poor (<=7)",3.71357206670431
1930,86,13.3,19,"Action",2.2,0,"Poor (<=7)",2.99573227355399
1977,114,12.9,31,"Action",3.1,0,"Poor (<=7)",3.46573590279973
1997,65,16.9,12,"Documentary",8,1,"Good (>7)",2.56494935746154
1994,87,11.8,182,"Action",3,0,"Poor (<=7)",5.20948615284142
1903,2,14.3,8,"Action",8.7,1,"Good (>7)",2.19722457733622
1995,107,13,419,"Comedy",3.8,0,"Poor (<=7)",6.04025471127741
1987,100,14.7,141,"Action",3.5,0,"Poor (<=7)",4.95582705760126
1973,142,11,8,"Drama",3.4,0,"Poor (<=7)",2.19722457733622
2004,105,7.2,46,"Drama",2.3,0,"Poor (<=7)",3.85014760171006
1994,94,10.9,43,"Drama",4.9,0,"Poor (<=7)",3.78418963391826
1940,76,10.4,122,"Drama",2.4,0,"Poor (<=7)",4.81218435537242
1977,93,15.5,10,"Drama",3.3,0,"Poor (<=7)",2.39789527279837
2000,87,11.4,21,"Comedy",8.1,1,"Good (>7)",3.09104245335832
1995,91,10.4,27,"Drama",3.9,0,"Poor (<=7)",3.3322045101752
1971,103,11.2,1062,"Drama",4.9,0,"Poor (<=7)",6.96885037834195
1936,95,10.2,30,"Comedy",4,0,"Poor (<=7)",3.43398720448515
1996,135,9.1,356,"Comedy",3.4,0,"Poor (<=7)",5.87773578177964
1998,93,12,140,"Comedy",7.7,1,"Good (>7)",4.94875989037817
1996,101,14,84,"Comedy",7.9,1,"Good (>7)",4.44265125649032
1997,87,8.4,17,"Action",4,0,"Poor (<=7)",2.89037175789616
1950,89,8.7,7,"Action",3.6,0,"Poor (<=7)",2.07944154167984
1963,105,15.3,12,"Drama",2.7,0,"Poor (<=7)",2.56494935746154
1977,80,7.3,7,"Action",3.8,0,"Poor (<=7)",2.07944154167984
1969,113,15.1,13091,"Drama",4.8,0,"Poor (<=7)",9.47975663562107
1981,20,13.6,200,"Comedy",7.7,1,"Good (>7)",5.30330490805908
1987,87,13.2,5,"Action",4.7,0,"Poor (<=7)",1.79175946922805
1951,86,9.9,19,"Drama",2.9,0,"Poor (<=7)",2.99573227355399
1972,69,13.2,90,"Action",3.6,0,"Poor (<=7)",4.51085950651685
1932,58,12.8,33,"Drama",3.4,0,"Poor (<=7)",3.52636052461616
1988,90,16,15,"Action",8.4,1,"Good (>7)",2.77258872223978
1988,81,9.2,9,"Animation",5.1,0,"Poor (<=7)",2.30258509299405
1989,93,12,20,"Drama",3.6,0,"Poor (<=7)",3.04452243772342
1969,96,14.6,17,"Drama",2.2,0,"Poor (<=7)",2.89037175789616
1970,96,17.5,38,"Drama",4,0,"Poor (<=7)",3.66356164612965
1944,77,12.2,11,"Action",5.4,0,"Poor (<=7)",2.484906649788
1955,87,19.1,6,"Action",8.7,1,"Good (>7)",1.94591014905531
1990,109,9.4,12,"Drama",4,0,"Poor (<=7)",2.56494935746154
1935,75,17.6,20,"Romance",2.7,0,"Poor (<=7)",3.04452243772342
1969,98,17.9,5,"Action",7.9,1,"Good (>7)",1.79175946922805
1915,5,10.3,29,"Animation",7.9,1,"Good (>7)",3.40119738166216
1952,95,6.6,5,"Drama",4.2,0,"Poor (<=7)",1.79175946922805
1988,18,9.1,6,"Documentary",8.2,1,"Good (>7)",1.94591014905531
1936,7,13,20,"Animation",7.8,1,"Good (>7)",3.04452243772342
1992,140,14.6,8556,"Drama",5.8,0,"Poor (<=7)",9.05450494041805
1971,85,11.6,3539,"Comedy",7.8,1,"Good (>7)",8.17188200612782
1995,81,10.7,10,"Comedy",7.9,1,"Good (>7)",2.39789527279837
1941,89,16,6,"Drama",4.7,0,"Poor (<=7)",1.94591014905531
1929,20,17.2,15,"Comedy",7.7,1,"Good (>7)",2.77258872223978
1990,100,6.9,51,"Action",3.8,0,"Poor (<=7)",3.95124371858143
1938,55,11.2,50,"Action",2.9,0,"Poor (<=7)",3.93182563272433
1976,72,16.5,5,"Comedy",7,0,"Poor (<=7)",1.79175946922805
1976,112,10.6,348,"Drama",4.7,0,"Poor (<=7)",5.85507192220243
1998,94,5.1,200,"Drama",4.2,0,"Poor (<=7)",5.30330490805908
1997,125,16,28457,"Action",7.5,1,"Good (>7)",10.2561845951056
2001,21,7.1,25,"Drama",7.1,1,"Good (>7)",3.25809653802148
1963,26,11.8,7,"Documentary",8.5,1,"Good (>7)",2.07944154167984
2000,13,6.5,11,"Drama",6.9,0,"Poor (<=7)",2.484906649788
2004,87,13.4,136,"Documentary",7.6,1,"Good (>7)",4.91998092582813
1995,74,10.7,61,"Comedy",4.2,0,"Poor (<=7)",4.12713438504509
1998,90,12.9,142,"Action",3.5,0,"Poor (<=7)",4.96284463025991
1998,88,11.8,34,"Drama",3.3,0,"Poor (<=7)",3.55534806148941
1947,7,13.7,21,"Animation",8.5,1,"Good (>7)",3.09104245335832
1948,7,14.1,32,"Animation",7.2,1,"Good (>7)",3.49650756146648
2003,100,6.2,11,"Documentary",2.9,0,"Poor (<=7)",2.484906649788
2004,17,10.4,17,"Drama",8.1,1,"Good (>7)",2.89037175789616
1955,123,12.3,3932,"Comedy",4.5,0,"Poor (<=7)",8.27715777243181
2003,98,10.9,296,"Comedy",8.1,1,"Good (>7)",5.6937321388027
2004,93,11,32,"Drama",4.5,0,"Poor (<=7)",3.49650756146648
1955,97,12,137,"Drama",4.1,0,"Poor (<=7)",4.9272536851572
1986,139,6.3,9,"Drama",3.5,0,"Poor (<=7)",2.30258509299405
1935,64,15.8,13,"Comedy",5,0,"Poor (<=7)",2.63905732961526
1999,70,9.4,5,"Action",4,0,"Poor (<=7)",1.79175946922805
1994,106,12.7,35,"Drama",2,0,"Poor (<=7)",3.58351893845611
2003,107,6.8,1741,"Drama",5.4,0,"Poor (<=7)",7.46278915741245
1967,112,12.4,81,"Comedy",3.7,0,"Poor (<=7)",4.40671924726425
1994,93,8.7,66,"Action",3.7,0,"Poor (<=7)",4.20469261939097
1955,97,16.8,35,"Drama",3.4,0,"Poor (<=7)",3.58351893845611
1997,99,12.3,4637,"Action",7.5,1,"Good (>7)",8.44203851781548
1962,82,13.1,13,"Action",2.1,0,"Poor (<=7)",2.63905732961526
2001,60,8.8,11,"Documentary",8.4,1,"Good (>7)",2.484906649788
1980,89,13,6,"Action",2.5,0,"Poor (<=7)",1.94591014905531
1961,80,12,17,"Comedy",7.5,1,"Good (>7)",2.89037175789616
1934,90,12.8,64,"Action",4.6,0,"Poor (<=7)",4.17438726989564
1960,118,7.2,53,"Drama",4.9,0,"Poor (<=7)",3.98898404656427
2003,89,12.7,13,"Comedy",7.5,1,"Good (>7)",2.63905732961526
1950,10,13.6,14,"Drama",8.1,1,"Good (>7)",2.70805020110221
1969,91,6.2,8,"Comedy",3.9,0,"Poor (<=7)",2.19722457733622
1995,96,11.3,30,"Documentary",8.2,1,"Good (>7)",3.43398720448515
1955,138,7.7,364,"Drama",3.5,0,"Poor (<=7)",5.89989735358249
1984,90,11.9,15,"Drama",4.1,0,"Poor (<=7)",2.77258872223978
2001,92,9.6,22,"Action",4,0,"Poor (<=7)",3.13549421592915
1999,94,11.9,14,"Action",3.9,0,"Poor (<=7)",2.70805020110221
1986,105,8.7,28,"Action",3.9,0,"Poor (<=7)",3.36729582998647
1963,174,9.2,485,"Drama",3.8,0,"Poor (<=7)",6.18620862390049
1980,103,5.7,363,"Drama",5.3,0,"Poor (<=7)",5.89715386763674
1955,93,15.3,7543,"Drama",4,0,"Poor (<=7)",8.92850782431329
1998,82,10.8,65,"Documentary",8,1,"Good (>7)",4.18965474202643
1976,75,9.2,22,"Comedy",4.8,0,"Poor (<=7)",3.13549421592915
1959,87,11.1,6,"Comedy",7.8,1,"Good (>7)",1.94591014905531
1997,83,12,176,"Action",3,0,"Poor (<=7)",5.17614973257383
2002,89,14.4,1075,"Action",8.1,1,"Good (>7)",6.98100574072173
1997,97,8.5,2309,"Action",4.6,0,"Poor (<=7)",7.74500280351584
1955,87,15.7,13,"Comedy",7.9,1,"Good (>7)",2.63905732961526
2000,121,12.9,20031,"Comedy",4,0,"Poor (<=7)",9.90508627389982
2005,110,14.8,5483,"Drama",4.2,0,"Poor (<=7)",8.6095900406822
1991,95,11.8,28,"Action",4.2,0,"Poor (<=7)",3.36729582998647
1952,115,11.4,779,"Drama",2.4,0,"Poor (<=7)",6.65929391968364
1936,83,7.8,26,"Comedy",4.9,0,"Poor (<=7)",3.29583686600433
1988,8,14.2,15,"Animation",7.8,1,"Good (>7)",2.77258872223978
1971,92,10.2,74,"Action",4.8,0,"Poor (<=7)",4.31748811353631
1938,65,15,10,"Action",4.4,0,"Poor (<=7)",2.39789527279837
1959,92,9,5,"Action",2.9,0,"Poor (<=7)",1.79175946922805
1970,124,12.7,455,"Drama",2.6,0,"Poor (<=7)",6.12249280951439
1933,67,9.3,136,"Comedy",5.6,0,"Poor (<=7)",4.91998092582813
1977,80,10.3,9,"Documentary",8.1,1,"Good (>7)",2.30258509299405
1965,7,12.4,17,"Animation",7.5,1,"Good (>7)",2.89037175789616
2000,12,9.5,37,"Comedy",7.4,1,"Good (>7)",3.63758615972639
1940,9,12.4,5,"Documentary",8.1,1,"Good (>7)",1.79175946922805
1966,106,6.7,5,"Drama",4.1,0,"Poor (<=7)",1.79175946922805
1968,118,12.1,92,"Drama",5.5,0,"Poor (<=7)",4.53259949315326
1975,87,6.8,48,"Action",5.4,0,"Poor (<=7)",3.89182029811063
1987,42,8.6,5,"Short",8,1,"Good (>7)",1.79175946922805
1992,110,9.2,97,"Comedy",3.5,0,"Poor (<=7)",4.58496747867057
2003,40,11.9,22,"Documentary",7.5,1,"Good (>7)",3.13549421592915
1981,91,10.9,421,"Comedy",8.2,1,"Good (>7)",6.04500531403601
1945,103,10,31,"Drama",3.7,0,"Poor (<=7)",3.46573590279973
1938,70,18.6,89,"Comedy",8.3,1,"Good (>7)",4.49980967033027
1991,84,11.1,10637,"Action",3,0,"Poor (<=7)",9.27218777530226
1986,86,8.7,296,"Animation",3.5,0,"Poor (<=7)",5.6937321388027
1999,95,14.3,61,"Drama",5.5,0,"Poor (<=7)",4.12713438504509
1924,12,14.2,13,"Comedy",7.7,1,"Good (>7)",2.63905732961526
1997,87,16.9,7,"Documentary",7.4,1,"Good (>7)",2.07944154167984
1999,30,9.2,20,"Comedy",7.5,1,"Good (>7)",3.04452243772342
2005,170,10.7,108,"Drama",5.6,0,"Poor (<=7)",4.69134788222914
1998,80,13.3,34,"Action",3,0,"Poor (<=7)",3.55534806148941
1990,12,11.2,7,"Short",7.2,1,"Good (>7)",2.07944154167984
1967,126,8.7,165,"Action",3.6,0,"Poor (<=7)",5.11198778835654
1996,80,14.9,28,"Comedy",7.9,1,"Good (>7)",3.36729582998647
1997,93,11.7,91,"Drama",3.8,0,"Poor (<=7)",4.52178857704904
1981,114,14.8,8,"Action",3.9,0,"Poor (<=7)",2.19722457733622
1985,66,15.3,14,"Animation",3.7,0,"Poor (<=7)",2.70805020110221
1989,87,15.4,5,"Drama",3.3,0,"Poor (<=7)",1.79175946922805
1951,60,14.8,7,"Action",3.6,0,"Poor (<=7)",2.07944154167984
2003,100,11,689,"Comedy",3.7,0,"Poor (<=7)",6.5366915975913
1941,92,11.3,90,"Drama",3.2,0,"Poor (<=7)",4.51085950651685
2000,90,11.4,90,"Comedy",7.6,1,"Good (>7)",4.51085950651685
1999,96,10,14,"Comedy",7.8,1,"Good (>7)",2.70805020110221
1943,64,11.4,7,"Action",4,0,"Poor (<=7)",2.07944154167984
1946,7,8.8,18,"Animation",8.4,1,"Good (>7)",2.94443897916644
2001,89,6.8,86,"Action",4.7,0,"Poor (<=7)",4.46590811865458
1940,53,12.5,27,"Drama",2.8,0,"Poor (<=7)",3.3322045101752
1990,25,8.8,183,"Short",7.9,1,"Good (>7)",5.21493575760899
1957,17,10.9,24,"Comedy",8.1,1,"Good (>7)",3.2188758248682
1978,120,12.7,5,"Action",4.1,0,"Poor (<=7)",1.79175946922805
1962,93,12.8,82,"Comedy",8.1,1,"Good (>7)",4.4188406077966
1995,99,12.6,307,"Drama",4,0,"Poor (<=7)",5.73009978297357
1940,11,10.4,8,"Comedy",8.3,1,"Good (>7)",2.19722457733622
2002,117,7.8,131,"Drama",3.4,0,"Poor (<=7)",4.88280192258637
1982,76,10.1,8,"Action",2.2,0,"Poor (<=7)",2.19722457733622
1951,77,8.4,55,"Comedy",3.3,0,"Poor (<=7)",4.02535169073515
2003,15,11.2,13,"Animation",4.9,0,"Poor (<=7)",2.63905732961526
1927,20,7.4,7,"Comedy",8.2,1,"Good (>7)",2.07944154167984
1999,92,15.2,32,"Drama",5.1,0,"Poor (<=7)",3.49650756146648
1970,96,12.2,23,"Comedy",8.2,1,"Good (>7)",3.17805383034795
1964,74,15,39,"Action",4.2,0,"Poor (<=7)",3.68887945411394
1968,97,11.6,26,"Action",3.8,0,"Poor (<=7)",3.29583686600433
1999,12,13.3,14,"Short",8.7,1,"Good (>7)",2.70805020110221
1937,10,10.5,13,"Short",8.1,1,"Good (>7)",2.63905732961526
1994,94,9.3,188,"Action",5.3,0,"Poor (<=7)",5.24174701505964
1987,90,9.2,49,"Action",4.2,0,"Poor (<=7)",3.91202300542815
1989,97,9.9,52,"Action",5.6,0,"Poor (<=7)",3.97029191355212
1965,91,10.8,28,"Action",1.2,0,"Poor (<=7)",3.36729582998647
1955,98,14.1,40,"Drama",4.1,0,"Poor (<=7)",3.71357206670431
1929,20,17.3,110,"Comedy",7.7,1,"Good (>7)",4.70953020131233
1967,107,13.6,133,"Action",8.2,1,"Good (>7)",4.89783979995091
2002,5,12.1,13,"Animation",8.3,1,"Good (>7)",2.63905732961526
1959,76,12,24,"Animation",4.2,0,"Poor (<=7)",3.2188758248682
1984,91,11.1,92,"Comedy",7.6,1,"Good (>7)",4.53259949315326
1951,77,11.3,23,"Comedy",7.6,1,"Good (>7)",3.17805383034795
2001,90,11,21,"Comedy",8.2,1,"Good (>7)",3.09104245335832
1972,88,15.9,2255,"Action",8.2,1,"Good (>7)",7.72134861261795
1966,14,14.6,5,"Short",8.4,1,"Good (>7)",1.79175946922805
1997,124,15,12753,"Action",3.7,0,"Poor (<=7)",9.45360022687522
1974,83,12.3,155,"Comedy",8.2,1,"Good (>7)",5.04985600724954
1942,99,14.8,3579,"Comedy",8.5,1,"Good (>7)",8.18311807939475
2002,5,10.4,9,"Comedy",8.5,1,"Good (>7)",2.30258509299405
1983,92,10.1,151,"Action",3.9,0,"Poor (<=7)",5.02388052084628
1927,83,12.5,6644,"Action",3.9,0,"Poor (<=7)",8.80161997114735
1998,90,11.9,7,"Action",4.1,0,"Poor (<=7)",2.07944154167984
1999,118,13,19826,"Comedy",4,0,"Poor (<=7)",9.89479992413856
1940,8,13.2,38,"Animation",7.4,1,"Good (>7)",3.66356164612965
1965,76,11.6,35,"Action",3.5,0,"Poor (<=7)",3.58351893845611
1972,110,12.5,11,"Romance",1.8,0,"Poor (<=7)",2.484906649788
1998,94,12.5,23,"Drama",3.4,0,"Poor (<=7)",3.17805383034795
1939,105,8.9,111,"Drama",5.7,0,"Poor (<=7)",4.71849887129509
1988,103,11.6,91,"Drama",4.3,0,"Poor (<=7)",4.52178857704904
1934,63,9.5,11,"Comedy",8.4,1,"Good (>7)",2.484906649788
1957,101,11.9,6,"Drama",5.2,0,"Poor (<=7)",1.94591014905531
2003,12,9.1,10,"Drama",8.8,1,"Good (>7)",2.39789527279837
2003,86,12.5,31,"Comedy",8.4,1,"Good (>7)",3.46573590279973
1993,98,11.6,7593,"Comedy",7.4,1,"Good (>7)",8.93511374079175
1988,75,11,241,"Comedy",8,1,"Good (>7)",5.48893772615669
1986,79,14.6,15,"Action",4.2,0,"Poor (<=7)",2.77258872223978
1930,104,10.9,11,"Romance",4.7,0,"Poor (<=7)",2.484906649788
1965,70,11.7,7,"Drama",4.8,0,"Poor (<=7)",2.07944154167984
2000,45,9,7,"Action",4,0,"Poor (<=7)",2.07944154167984
1923,100,10.7,16,"Drama",4.5,0,"Poor (<=7)",2.83321334405622
2000,94,15.3,46,"Comedy",7.9,1,"Good (>7)",3.85014760171006
2004,94,13.5,141,"Drama",4.1,0,"Poor (<=7)",4.95582705760126
1963,103,11.3,56,"Drama",3.3,0,"Poor (<=7)",4.04305126783455
1997,95,13.6,7099,"Action",5,0,"Poor (<=7)",8.86785006302941
1959,119,9.7,1016,"Action",3.2,0,"Poor (<=7)",6.92461239604856
1997,91,17.4,19,"Action",7.5,1,"Good (>7)",2.99573227355399
2002,90,10.8,79,"Comedy",1.4,0,"Poor (<=7)",4.38202663467388
2003,133,11.6,20642,"Action",4.5,0,"Poor (<=7)",9.93513155787059
1998,100,9,240,"Drama",5.8,0,"Poor (<=7)",5.48479693349065
1976,121,10.4,34,"Drama",5.2,0,"Poor (<=7)",3.55534806148941
1989,94,7,30,"Action",4.3,0,"Poor (<=7)",3.43398720448515
1957,74,13.6,12,"Drama",6.8,0,"Poor (<=7)",2.56494935746154
2001,13,9.2,6,"Short",8.1,1,"Good (>7)",1.94591014905531
1992,117,9.8,2297,"Action",5.6,0,"Poor (<=7)",7.7397944584087
1986,154,12.3,63961,"Action",5.4,0,"Poor (<=7)",11.0660444360025
2002,100,10.2,143,"Comedy",2.5,0,"Poor (<=7)",4.969813299576
2004,95,11.6,26,"Drama",3.9,0,"Poor (<=7)",3.29583686600433
1946,70,7.1,11,"Action",3.6,0,"Poor (<=7)",2.484906649788
1992,83,14.6,24,"Comedy",8.3,1,"Good (>7)",3.2188758248682
1998,91,8.7,156,"Action",3,0,"Poor (<=7)",5.05624580534831
1990,87,16.7,12,"Action",8.1,1,"Good (>7)",2.56494935746154
1960,80,7.3,7,"Animation",5.2,0,"Poor (<=7)",2.07944154167984
1989,85,11.4,5,"Comedy",3.7,0,"Poor (<=7)",1.79175946922805
1998,94,7.4,11,"Action",3.1,0,"Poor (<=7)",2.484906649788
1969,87,10.3,5,"Action",4.4,0,"Poor (<=7)",1.79175946922805
1994,103,13.8,15,"Action",5.8,0,"Poor (<=7)",2.77258872223978
1932,81,16.4,21,"Drama",3.6,0,"Poor (<=7)",3.09104245335832
1947,110,11.1,710,"Comedy",4.2,0,"Poor (<=7)",6.56667242980324
2000,115,16.5,3386,"Drama",4.7,0,"Poor (<=7)",8.12769985281777
1990,89,14.1,13,"Action",3.6,0,"Poor (<=7)",2.63905732961526
1998,16,5.5,45,"Drama",4.7,0,"Poor (<=7)",3.8286413964891
2002,107,12,9167,"Drama",3,0,"Poor (<=7)",9.12347443895452
1995,86,10.4,170,"Comedy",2.3,0,"Poor (<=7)",5.14166355650266
1979,98,12,27,"Drama",2.7,0,"Poor (<=7)",3.3322045101752
1979,92,8,106,"Action",2.1,0,"Poor (<=7)",4.67282883446191
2001,92,16,8,"Documentary",8.3,1,"Good (>7)",2.19722457733622
1985,108,7.2,39,"Comedy",4.2,0,"Poor (<=7)",3.68887945411394
2000,70,13.4,23,"Action",7.9,1,"Good (>7)",3.17805383034795
1980,95,14.6,82,"Drama",3.2,0,"Poor (<=7)",4.4188406077966
1947,104,5.8,30,"Comedy",4,0,"Poor (<=7)",3.43398720448515
1942,7,15.2,29,"Animation",7.5,1,"Good (>7)",3.40119738166216
1980,73,13.1,8,"Drama",4,0,"Poor (<=7)",2.19722457733622
2000,115,9.7,5057,"Comedy",4,0,"Poor (<=7)",8.52872642722991
1999,91,7.9,89,"Drama",3.7,0,"Poor (<=7)",4.49980967033027
2004,97,7.4,29,"Drama",1.4,0,"Poor (<=7)",3.40119738166216
1962,86,11.3,7,"Drama",3.8,0,"Poor (<=7)",2.07944154167984
1936,109,10.9,674,"Drama",4.5,0,"Poor (<=7)",6.51471269087253
2000,85,13.2,10,"Romance",3.3,0,"Poor (<=7)",2.39789527279837
1910,17,8.7,13,"Drama",8.5,1,"Good (>7)",2.63905732961526
1973,87,14.1,13,"Action",3.9,0,"Poor (<=7)",2.63905732961526
1985,101,11.8,5,"Action",4.7,0,"Poor (<=7)",1.79175946922805
1961,93,15,5,"Drama",4,0,"Poor (<=7)",1.79175946922805
2001,59,13.8,11,"Documentary",8.2,1,"Good (>7)",2.484906649788
1953,70,12.2,24,"Action",4.5,0,"Poor (<=7)",3.2188758248682
1967,93,5.2,5,"Comedy",4.5,0,"Poor (<=7)",1.79175946922805
1995,96,12.9,319,"Drama",3.1,0,"Poor (<=7)",5.76832099579377
1930,70,9.6,7,"Drama",5.1,0,"Poor (<=7)",2.07944154167984
1959,87,15.5,815,"Action",5.1,0,"Poor (<=7)",6.70441435496411
2001,131,13.4,42,"Drama",4.5,0,"Poor (<=7)",3.76120011569356
1981,56,16.3,20,"Documentary",8.5,1,"Good (>7)",3.04452243772342
1953,7,12.2,30,"Animation",8,1,"Good (>7)",3.43398720448515
1959,214,8.9,21031,"Action",4.3,0,"Poor (<=7)",9.95380036640972
1953,77,14.9,107,"Comedy",3.3,0,"Poor (<=7)",4.68213122712422
1948,100,13.6,20,"Drama",3.1,0,"Poor (<=7)",3.04452243772342
2002,2,11.3,9,"Comedy",8,1,"Good (>7)",2.30258509299405
1958,82,8.1,6,"Drama",4.2,0,"Poor (<=7)",1.94591014905531
1945,92,12.5,36,"Comedy",7.9,1,"Good (>7)",3.61091791264422
1977,90,8,87,"Action",4.2,0,"Poor (<=7)",4.47733681447821
1966,77,3.9,31,"Action",2.9,0,"Poor (<=7)",3.46573590279973
1959,109,13,6,"Action",3.8,0,"Poor (<=7)",1.94591014905531
1938,92,14.2,63,"Drama",3,0,"Poor (<=7)",4.15888308335967
2000,103,13.2,197,"Drama",4,0,"Poor (<=7)",5.28826703069454
1964,82,13,23,"Drama",5.1,0,"Poor (<=7)",3.17805383034795
1988,106,15.7,2342,"Comedy",8.1,1,"Good (>7)",7.7591874385078
1949,7,11.8,40,"Animation",7.9,1,"Good (>7)",3.71357206670431
2000,92,6.3,12,"Action",3.7,0,"Poor (<=7)",2.56494935746154
2001,120,11.8,124,"Drama",4.9,0,"Poor (<=7)",4.8283137373023
2005,120,11.1,66,"Drama",3.1,0,"Poor (<=7)",4.20469261939097
1999,97,13.6,10,"Drama",5.8,0,"Poor (<=7)",2.39789527279837
1988,102,12.8,85,"Comedy",8.7,1,"Good (>7)",4.45434729625351
1982,110,14.7,13,"Drama",3.5,0,"Poor (<=7)",2.63905732961526
1985,93,14.8,184,"Action",8.5,1,"Good (>7)",5.22035582507832
1998,110,15.9,66,"Drama",3.4,0,"Poor (<=7)",4.20469261939097
1957,92,13.8,16,"Action",3,0,"Poor (<=7)",2.83321334405622
1947,11,8.6,5,"Comedy",7.2,1,"Good (>7)",1.79175946922805
1991,214,14,15,"Action",3.6,0,"Poor (<=7)",2.77258872223978
1955,122,13.3,150,"Action",2.8,0,"Poor (<=7)",5.01727983681492
1986,96,7.8,364,"Drama",3.7,0,"Poor (<=7)",5.89989735358249
1991,93,9.7,391,"Comedy",5.4,0,"Poor (<=7)",5.97126183979046
1991,92,11.5,131,"Action",4.2,0,"Poor (<=7)",4.88280192258637
2002,96,8.7,32,"Drama",3.7,0,"Poor (<=7)",3.49650756146648
2001,96,12.1,22,"Drama",4.1,0,"Poor (<=7)",3.13549421592915
1973,91,11.6,40,"Action",5.4,0,"Poor (<=7)",3.71357206670431
1979,90,11.9,358,"Action",3.4,0,"Poor (<=7)",5.88332238848828
1979,76,13.6,8,"Comedy",7.3,1,"Good (>7)",2.19722457733622
1944,80,12.8,37,"Comedy",7.6,1,"Good (>7)",3.63758615972639
1950,85,13.4,417,"Comedy",7.6,1,"Good (>7)",6.03548143252476
1931,84,18.3,26,"Drama",5.3,0,"Poor (<=7)",3.29583686600433
2002,95,13.2,70,"Comedy",4.3,0,"Poor (<=7)",4.26267987704132
1982,92,9.4,44,"Comedy",4.2,0,"Poor (<=7)",3.80666248977032
1972,82,15.8,6,"Drama",5.1,0,"Poor (<=7)",1.94591014905531
1980,95,14.5,2468,"Action",4.7,0,"Poor (<=7)",7.81156848934518
1994,96,8.9,102,"Action",3.5,0,"Poor (<=7)",4.63472898822964
1984,95,9.4,164,"Comedy",2.6,0,"Poor (<=7)",5.10594547390058
1969,98,13,22,"Drama",2.3,0,"Poor (<=7)",3.13549421592915
1995,106,12.2,85,"Comedy",3.7,0,"Poor (<=7)",4.45434729625351
2001,86,8.7,2508,"Comedy",3.3,0,"Poor (<=7)",7.82763954636642
1999,91,20.3,164,"Drama",8.3,1,"Good (>7)",5.10594547390058
1950,7,13,141,"Animation",7.8,1,"Good (>7)",4.95582705760126
2000,18,17,5,"Drama",8.7,1,"Good (>7)",1.79175946922805
1996,110,11.9,975,"Comedy",8.1,1,"Good (>7)",6.88346258641309
1950,7,10.8,61,"Animation",8.1,1,"Good (>7)",4.12713438504509
1977,92,11.6,1269,"Drama",2.5,0,"Poor (<=7)",7.14677217945264
1936,7,12.2,10,"Animation",8.5,1,"Good (>7)",2.39789527279837
2000,84,11,329,"Drama",4.7,0,"Poor (<=7)",5.79909265446053
1935,9,11.8,52,"Animation",8.4,1,"Good (>7)",3.97029191355212
1988,59,10.1,18,"Documentary",8.5,1,"Good (>7)",2.94443897916644
1997,89,10.1,10510,"Action",4.5,0,"Poor (<=7)",9.26017760682335
1989,94,8.9,312,"Comedy",3.2,0,"Poor (<=7)",5.74620319054015
1953,90,8.8,85,"Drama",4,0,"Poor (<=7)",4.45434729625351
1986,115,16.4,7,"Documentary",8.2,1,"Good (>7)",2.07944154167984
1997,94,17.3,15,"Comedy",7.9,1,"Good (>7)",2.77258872223978
1937,8,10.9,9,"Animation",8.6,1,"Good (>7)",2.30258509299405
1993,112,10.5,12,"Drama",3,0,"Poor (<=7)",2.56494935746154
2002,12,15.7,22,"Drama",7.4,1,"Good (>7)",3.13549421592915
1988,97,7.6,114,"Drama",1.4,0,"Poor (<=7)",4.74493212836325
1942,85,13,9,"Comedy",8,1,"Good (>7)",2.30258509299405
2002,90,10.7,329,"Action",3.8,0,"Poor (<=7)",5.79909265446053
1988,60,13.2,30,"Drama",6.6,0,"Poor (<=7)",3.43398720448515
1999,8,14.3,1217,"Comedy",8.1,1,"Good (>7)",7.10496544826984
1998,95,11.4,97,"Action",4,0,"Poor (<=7)",4.58496747867057
1968,96,5.7,11,"Comedy",5.1,0,"Poor (<=7)",2.484906649788
1933,65,11.2,7,"Drama",3.8,0,"Poor (<=7)",2.07944154167984
1999,90,10.5,5,"Documentary",8.9,1,"Good (>7)",1.79175946922805
1985,72,10.5,5,"Action",6.4,0,"Poor (<=7)",1.79175946922805
1994,110,22.1,416,"Drama",2.6,0,"Poor (<=7)",6.0330862217988
1915,78,14.6,34,"Drama",5.9,0,"Poor (<=7)",3.55534806148941
1992,85,12.7,31,"Action",4.1,0,"Poor (<=7)",3.46573590279973
1993,96,12.6,21,"Action",2.9,0,"Poor (<=7)",3.09104245335832
1993,50,15.9,35,"Action",8,1,"Good (>7)",3.58351893845611
1988,25,11.4,9,"Drama",4.5,0,"Poor (<=7)",2.30258509299405
1964,100,13.6,17,"Drama",3.7,0,"Poor (<=7)",2.89037175789616
2004,87,7.9,7,"Documentary",2.6,0,"Poor (<=7)",2.07944154167984
1980,92,12.1,31,"Comedy",8.1,1,"Good (>7)",3.46573590279973
1992,78,9.5,574,"Comedy",3.1,0,"Poor (<=7)",6.35437004079735
2000,97,11.4,41,"Drama",2.7,0,"Poor (<=7)",3.73766961828337
1987,80,12.2,32,"Comedy",7.8,1,"Good (>7)",3.49650756146648
1978,83,11.1,11,"Action",5.1,0,"Poor (<=7)",2.484906649788
1932,6,11.3,9,"Animation",7.7,1,"Good (>7)",2.30258509299405
1952,93,11.5,20,"Drama",4.8,0,"Poor (<=7)",3.04452243772342
1998,73,14.7,61,"Documentary",8.4,1,"Good (>7)",4.12713438504509
1963,110,8.2,185,"Comedy",5.3,0,"Poor (<=7)",5.2257466737132
1952,94,15,5,"Action",4.9,0,"Poor (<=7)",1.79175946922805
1948,90,11.8,5,"Drama",4,0,"Poor (<=7)",1.79175946922805
1950,85,13.4,7,"Comedy",7.5,1,"Good (>7)",2.07944154167984
1914,12,8.1,60,"Comedy",8.3,1,"Good (>7)",4.11087386417331
2000,110,11.1,223,"Drama",4,0,"Poor (<=7)",5.41164605185504
1966,87,9.9,159,"Animation",3.9,0,"Poor (<=7)",5.07517381523383
1957,88,17.1,7,"Drama",3.9,0,"Poor (<=7)",2.07944154167984
2001,92,13.3,5,"Drama",3.3,0,"Poor (<=7)",1.79175946922805
1985,97,13.7,25,"Comedy",8,1,"Good (>7)",3.25809653802148
1997,101,10.4,443,"Comedy",3.4,0,"Poor (<=7)",6.09582456243222
1998,121,14.1,13621,"Drama",2.5,0,"Poor (<=7)",9.51944141180126
1997,86,7.9,62,"Action",3.2,0,"Poor (<=7)",4.14313472639153
1978,114,11.5,271,"Drama",2.7,0,"Poor (<=7)",5.605802066296
1941,100,15.2,17,"Action",4.2,0,"Poor (<=7)",2.89037175789616
1950,76,15.4,30,"Drama",3,0,"Poor (<=7)",3.43398720448515
1957,75,10,6,"Action",3.9,0,"Poor (<=7)",1.94591014905531
1980,100,8.4,1669,"Action",8.3,1,"Good (>7)",7.4205789054108
1947,85,12.7,52,"Drama",3.3,0,"Poor (<=7)",3.97029191355212
1928,22,13,57,"Comedy",8.1,1,"Good (>7)",4.06044301054642
1993,90,12.9,24,"Drama",4,0,"Poor (<=7)",3.2188758248682
1972,82,11.8,31,"Action",3.8,0,"Poor (<=7)",3.46573590279973
1963,150,11.1,6,"Drama",3.6,0,"Poor (<=7)",1.94591014905531
1937,89,13.5,49,"Drama",5.4,0,"Poor (<=7)",3.91202300542815
1997,88,10.2,112,"Comedy",3.6,0,"Poor (<=7)",4.72738781871234
1940,87,10.5,53,"Action",4.2,0,"Poor (<=7)",3.98898404656427
2000,15,8.4,16,"Short",8.5,1,"Good (>7)",2.83321334405622
2000,107,6.9,907,"Comedy",3.9,0,"Poor (<=7)",6.81124437860129
2002,120,11.7,111,"Drama",3.8,0,"Poor (<=7)",4.71849887129509
2003,88,12.5,79,"Action",4,0,"Poor (<=7)",4.38202663467388
1982,87,8.6,5,"Action",3.9,0,"Poor (<=7)",1.79175946922805
1987,20,11.5,9,"Short",7.3,1,"Good (>7)",2.30258509299405
1972,85,10.7,2522,"Action",4.1,0,"Poor (<=7)",7.83320394864106
1994,95,11.6,143,"Drama",4,0,"Poor (<=7)",4.969813299576
2003,90,11.4,120,"Comedy",4.4,0,"Poor (<=7)",4.79579054559674
1995,103,10.5,13035,"Comedy",3.2,0,"Poor (<=7)",9.47547003995745
1991,85,10.6,14,"Drama",4.3,0,"Poor (<=7)",2.70805020110221
1989,95,18.5,24,"Action",7.9,1,"Good (>7)",3.2188758248682
1997,98,11.6,50,"Comedy",8.1,1,"Good (>7)",3.93182563272433
1999,89,9.5,53,"Documentary",8.6,1,"Good (>7)",3.98898404656427
1985,90,10.3,46,"Action",3.2,0,"Poor (<=7)",3.85014760171006
1935,89,10.9,41,"Drama",5.3,0,"Poor (<=7)",3.73766961828337
1992,105,9.6,337,"Comedy",4.1,0,"Poor (<=7)",5.82304589548302
1995,93,12.5,149,"Action",4.8,0,"Poor (<=7)",5.01063529409626
1957,91,10.6,320,"Drama",3.7,0,"Poor (<=7)",5.77144112313002
1948,96,3.2,6,"Drama",3.8,0,"Poor (<=7)",1.94591014905531
1959,69,10.9,403,"Action",4.7,0,"Poor (<=7)",6.00141487796115
1976,72,8.2,15,"Action",4.6,0,"Poor (<=7)",2.77258872223978
1943,67,10.3,35,"Action",3.1,0,"Poor (<=7)",3.58351893845611
1987,84,9.6,12,"Action",5.5,0,"Poor (<=7)",2.56494935746154
1909,11,12.1,29,"Short",8.6,1,"Good (>7)",3.40119738166216
2000,94,13.6,15981,"Comedy",7.8,1,"Good (>7)",9.67921836793441
1948,10,13.9,7,"Short",8.5,1,"Good (>7)",2.07944154167984
1994,60,14.9,9,"Action",3.9,0,"Poor (<=7)",2.30258509299405
2004,150,12.4,23,"Drama",4.5,0,"Poor (<=7)",3.17805383034795
1987,90,15.3,495,"Comedy",8.3,1,"Good (>7)",6.20657592672493
1980,88,8.4,8,"Comedy",5.4,0,"Poor (<=7)",2.19722457733622
2003,9,11,23,"Documentary",8.3,1,"Good (>7)",3.17805383034795
1968,101,10.6,286,"Comedy",5,0,"Poor (<=7)",5.65948221575962
1954,7,9.2,39,"Animation",7.8,1,"Good (>7)",3.68887945411394
2000,105,10.7,911,"Action",4.9,0,"Poor (<=7)",6.81563999007433
1999,98,18.5,7,"Action",8,1,"Good (>7)",2.07944154167984
1960,88,8.8,14,"Comedy",4,0,"Poor (<=7)",2.70805020110221
1999,91,6.5,37,"Action",4.1,0,"Poor (<=7)",3.63758615972639
1988,92,13.9,56,"Action",4,0,"Poor (<=7)",4.04305126783455
1972,80,7,10,"Documentary",5.7,0,"Poor (<=7)",2.39789527279837
1920,88,17,7,"Comedy",8.2,1,"Good (>7)",2.07944154167984
2000,92,10.9,12,"Comedy",3.2,0,"Poor (<=7)",2.56494935746154
1962,88,17.2,75,"Action",7.9,1,"Good (>7)",4.33073334028633
2002,85,8.4,77,"Action",4.7,0,"Poor (<=7)",4.35670882668959
1995,91,14.7,64,"Action",2.7,0,"Poor (<=7)",4.17438726989564
2004,12,15.4,15,"Drama",8.1,1,"Good (>7)",2.77258872223978
2000,118,11,87,"Comedy",7.6,1,"Good (>7)",4.47733681447821
1933,62,14.6,35,"Comedy",7.7,1,"Good (>7)",3.58351893845611
1985,102,10.8,940,"Action",2.4,0,"Poor (<=7)",6.84694313958538
1984,90,9.2,24,"Comedy",3.2,0,"Poor (<=7)",3.2188758248682
1975,110,12,50,"Drama",3.8,0,"Poor (<=7)",3.93182563272433
1984,107,13.6,325,"Drama",4,0,"Poor (<=7)",5.78689738136671
2003,18,12,17,"Comedy",7.6,1,"Good (>7)",2.89037175789616
1944,85,10.5,23,"Comedy",7.7,1,"Good (>7)",3.17805383034795
1996,100,11.6,46,"Drama",3.5,0,"Poor (<=7)",3.85014760171006
1957,75,10.6,10,"Action",3.9,0,"Poor (<=7)",2.39789527279837
1992,93,10.6,1340,"Action",3.7,0,"Poor (<=7)",7.20117088328168
1998,100,17,229,"Action",8.2,1,"Good (>7)",5.4380793089232
1944,85,12.5,6,"Drama",4.8,0,"Poor (<=7)",1.94591014905531
2002,15,7.6,11,"Comedy",8.2,1,"Good (>7)",2.484906649788
1984,115,12.8,2086,"Comedy",2.9,0,"Poor (<=7)",7.6434829070772
1994,85,5.9,11,"Drama",3.7,0,"Poor (<=7)",2.484906649788
1992,7,7.2,27,"Short",8,1,"Good (>7)",3.3322045101752
1997,6,13.8,35,"Comedy",8.1,1,"Good (>7)",3.58351893845611
1989,73,11.5,7,"Action",4.6,0,"Poor (<=7)",2.07944154167984
1985,101,11.2,903,"Action",6.5,0,"Poor (<=7)",6.80682936039218
1967,94,3.9,11,"Action",6,0,"Poor (<=7)",2.484906649788
1987,70,13.6,30,"Action",3.6,0,"Poor (<=7)",3.43398720448515
1993,120,13.9,6,"Documentary",8.1,1,"Good (>7)",1.94591014905531
1966,90,13.1,134,"Action",3.8,0,"Poor (<=7)",4.90527477843843
1964,7,12,37,"Animation",8.7,1,"Good (>7)",3.63758615972639
1958,97,10.7,42,"Drama",4.3,0,"Poor (<=7)",3.76120011569356
2003,57,14.3,7,"Documentary",7.3,1,"Good (>7)",2.07944154167984
1920,145,11.8,293,"Drama",4.1,0,"Poor (<=7)",5.68357976733868
1937,96,13.8,308,"Drama",3.7,0,"Poor (<=7)",5.73334127689775
1948,84,10.1,11,"Drama",3.8,0,"Poor (<=7)",2.484906649788
1994,88,14.6,80,"Action",3.4,0,"Poor (<=7)",4.39444915467244
1943,96,15.7,7,"Drama",7,0,"Poor (<=7)",2.07944154167984
1966,110,15.7,513,"Comedy",3.9,0,"Poor (<=7)",6.24222326545517
2003,5,13.3,49,"Animation",8.5,1,"Good (>7)",3.91202300542815
1981,103,14.4,242,"Drama",4.1,0,"Poor (<=7)",5.49306144334055
1955,73,10.2,43,"Action",4.1,0,"Poor (<=7)",3.78418963391826
1994,128,11,64,"Comedy",4.1,0,"Poor (<=7)",4.17438726989564
2003,91,15.7,74,"Drama",2.1,0,"Poor (<=7)",4.31748811353631
1990,95,10.9,213,"Comedy",7.2,1,"Good (>7)",5.36597601502185
1931,90,16.6,6,"Comedy",8.2,1,"Good (>7)",1.94591014905531
1993,90,11.4,275,"Drama",4.6,0,"Poor (<=7)",5.62040086571715
2004,18,12.4,11,"Short",7.8,1,"Good (>7)",2.484906649788
1979,80,10.8,6,"Action",5.6,0,"Poor (<=7)",1.94591014905531
1944,90,16,61,"Action",7.7,1,"Good (>7)",4.12713438504509
1977,109,10.2,11,"Comedy",2.1,0,"Poor (<=7)",2.484906649788
1934,66,8.6,276,"Action",5.1,0,"Poor (<=7)",5.62401750618734
2002,99,15,106,"Drama",3.6,0,"Poor (<=7)",4.67282883446191
1958,81,12.3,34,"Action",4.7,0,"Poor (<=7)",3.55534806148941
2002,48,15.9,18,"Action",7.4,1,"Good (>7)",2.94443897916644
1950,92,8.8,43,"Drama",2.5,0,"Poor (<=7)",3.78418963391826
1972,97,17.9,150,"Action",8.1,1,"Good (>7)",5.01727983681492
1966,95,6.2,342,"Action",4.8,0,"Poor (<=7)",5.83773044716594
1906,12,11.6,30,"Short",8.1,1,"Good (>7)",3.43398720448515
1959,111,17.4,133,"Drama",4.1,0,"Poor (<=7)",4.89783979995091
1998,90,12.6,96,"Action",4,0,"Poor (<=7)",4.57471097850338
2003,25,13.4,254,"Animation",4.6,0,"Poor (<=7)",5.54126354515843
1926,101,8.3,43,"Action",4.4,0,"Poor (<=7)",3.78418963391826
1991,103,9.6,42,"Comedy",4.7,0,"Poor (<=7)",3.76120011569356
2001,19,13,16,"Drama",8,1,"Good (>7)",2.83321334405622
2001,88,9.6,78,"Action",4.8,0,"Poor (<=7)",4.36944785246702
2001,97,11.2,125,"Drama",3.5,0,"Poor (<=7)",4.83628190695148
1959,90,13.2,64,"Drama",3.5,0,"Poor (<=7)",4.17438726989564
1941,113,11.6,10,"Action",2.4,0,"Poor (<=7)",2.39789527279837
2002,78,12.2,23,"Action",2.9,0,"Poor (<=7)",3.17805383034795
1994,95,13.2,8,"Comedy",8.3,1,"Good (>7)",2.19722457733622
1998,90,8.4,162,"Comedy",3.8,0,"Poor (<=7)",5.09375020080676
1908,9,7.7,5,"Drama",8.3,1,"Good (>7)",1.79175946922805
2003,83,16.1,239,"Documentary",7.8,1,"Good (>7)",5.48063892334199
1935,95,9,22,"Drama",2.6,0,"Poor (<=7)",3.13549421592915
1998,10,9.1,11,"Short",7.6,1,"Good (>7)",2.484906649788
2005,8,12.5,10,"Short",8,1,"Good (>7)",2.39789527279837
1999,96,14.2,16,"Drama",4.1,0,"Poor (<=7)",2.83321334405622
1994,115,14.9,23,"Romance",4.3,0,"Poor (<=7)",3.17805383034795
1998,106,11.8,35,"Comedy",3.9,0,"Poor (<=7)",3.58351893845611
1995,105,12.7,987,"Comedy",7.8,1,"Good (>7)",6.89568269774787
1935,68,9.5,71,"Comedy",3.4,0,"Poor (<=7)",4.27666611901606
1956,83,10.6,729,"Action",3.9,0,"Poor (<=7)",6.59304453414244
1951,111,11.8,335,"Drama",4.4,0,"Poor (<=7)",5.8171111599632
1986,117,14.5,480,"Drama",3.4,0,"Poor (<=7)",6.17586727010576
2001,5,7.4,57,"Comedy",8.4,1,"Good (>7)",4.06044301054642
1941,8,10.7,36,"Animation",7.4,1,"Good (>7)",3.61091791264422
1997,124,13,36,"Documentary",7.4,1,"Good (>7)",3.61091791264422
2000,91,8.6,185,"Drama",3.2,0,"Poor (<=7)",5.2257466737132
1929,77,13.8,21,"Comedy",7.9,1,"Good (>7)",3.09104245335832
1937,7,13.6,18,"Animation",7.6,1,"Good (>7)",2.94443897916644
1999,133,12.2,84488,"Action",4.8,0,"Poor (<=7)",11.3443766273566
1934,81,11.8,33,"Drama",4,0,"Poor (<=7)",3.52636052461616
1947,71,11.4,23,"Action",2.7,0,"Poor (<=7)",3.17805383034795
1994,92,13.1,82,"Drama",2.5,0,"Poor (<=7)",4.4188406077966
1926,97,15,25,"Action",3.1,0,"Poor (<=7)",3.25809653802148
2002,108,9.9,8590,"Action",4.2,0,"Poor (<=7)",9.05847042263806
2003,20,15.1,6,"Short",6.9,0,"Poor (<=7)",1.94591014905531
1994,88,13.7,132,"Action",7.7,1,"Good (>7)",4.89034912822175
1964,99,12.1,98,"Drama",5.3,0,"Poor (<=7)",4.59511985013459
1993,110,16.4,22,"Comedy",8,1,"Good (>7)",3.13549421592915
2004,179,15.2,363,"Action",5.5,0,"Poor (<=7)",5.89715386763674
1955,102,17.6,551,"Drama",3.3,0,"Poor (<=7)",6.3135480462771
2003,96,10.2,9,"Drama",3.5,0,"Poor (<=7)",2.30258509299405
1939,7,14.1,9,"Animation",7.7,1,"Good (>7)",2.30258509299405
1968,156,4.9,64982,"Action",4.5,0,"Poor (<=7)",11.0818809762091
1971,86,17.3,14,"Drama",3.9,0,"Poor (<=7)",2.70805020110221
1987,64,12.6,38,"Drama",4.3,0,"Poor (<=7)",3.66356164612965
2005,89,10.3,17,"Comedy",8.3,1,"Good (>7)",2.89037175789616
1984,120,10.5,14,"Drama",2.4,0,"Poor (<=7)",2.70805020110221
2003,135,7.8,11,"Documentary",3.5,0,"Poor (<=7)",2.484906649788
1999,4,20.1,8,"Short",8,1,"Good (>7)",2.19722457733622
1951,100,16,92,"Drama",3.1,0,"Poor (<=7)",4.53259949315326
2000,16,12,16,"Short",7.6,1,"Good (>7)",2.83321334405622
1956,96,14.6,42,"Comedy",7.9,1,"Good (>7)",3.76120011569356
1932,72,9.5,5,"Comedy",3.2,0,"Poor (<=7)",1.79175946922805
1935,10,6.9,5,"Comedy",7.8,1,"Good (>7)",1.79175946922805
1939,62,15.7,37,"Drama",4.5,0,"Poor (<=7)",3.63758615972639
1983,88,16.1,8,"Drama",2.7,0,"Poor (<=7)",2.19722457733622
1970,107,15.6,287,"Action",3.4,0,"Poor (<=7)",5.66296048013595
2004,85,11.1,388,"Drama",4.3,0,"Poor (<=7)",5.96357934361845
1956,82,13.2,13,"Action",3.8,0,"Poor (<=7)",2.63905732961526
1958,110,14.3,49,"Action",2.1,0,"Poor (<=7)",3.91202300542815
2002,88,14.1,30,"Action",5,0,"Poor (<=7)",3.43398720448515
2001,92,17.6,25,"Action",8.1,1,"Good (>7)",3.25809653802148
1987,85,14.4,150,"Comedy",8.1,1,"Good (>7)",5.01727983681492
1998,10,13,41,"Short",7.6,1,"Good (>7)",3.73766961828337
1904,10,10.5,37,"Comedy",8.1,1,"Good (>7)",3.63758615972639
1998,97,11.4,10,"Drama",4.9,0,"Poor (<=7)",2.39789527279837
2003,91,13.7,40,"Documentary",7.8,1,"Good (>7)",3.71357206670431
1951,95,14.7,6,"Drama",3.7,0,"Poor (<=7)",1.94591014905531
1976,6,14.8,13,"Animation",8.2,1,"Good (>7)",2.63905732961526
1990,110,17.4,1148,"Action",3.7,0,"Poor (<=7)",7.04664727784876
1994,73,8,14,"Comedy",4,0,"Poor (<=7)",2.70805020110221
1938,7,13.2,12,"Animation",7.8,1,"Good (>7)",2.56494935746154
1997,96,18,128,"Drama",5.2,0,"Poor (<=7)",4.85981240436167
1974,91,8.9,442,"Action",3.7,0,"Poor (<=7)",6.09356977004514
1970,124,12.7,38,"Drama",5.7,0,"Poor (<=7)",3.66356164612965
2003,82,12.1,49,"Documentary",7.7,1,"Good (>7)",3.91202300542815
1963,88,8.2,19,"Drama",4.5,0,"Poor (<=7)",2.99573227355399
1982,90,11.6,5,"Drama",2.3,0,"Poor (<=7)",1.79175946922805
1990,153,9.2,12,"Action",4.5,0,"Poor (<=7)",2.56494935746154
1945,70,13.6,5,"Comedy",8.7,1,"Good (>7)",1.79175946922805
1977,118,13,3009,"Drama",3.2,0,"Poor (<=7)",8.00969535774292
1997,3,12.2,8,"Short",7.8,1,"Good (>7)",2.19722457733622
1974,88,13.3,21,"Drama",2.6,0,"Poor (<=7)",3.09104245335832
2003,70,12.4,43,"Comedy",7.3,1,"Good (>7)",3.78418963391826
1979,90,11.1,7,"Drama",3.5,0,"Poor (<=7)",2.07944154167984
1999,97,14,64,"Romance",4.1,0,"Poor (<=7)",4.17438726989564
2003,86,10.3,12,"Action",3.1,0,"Poor (<=7)",2.56494935746154
1977,105,7.5,21,"Comedy",2.9,0,"Poor (<=7)",3.09104245335832
1972,44,12.1,10,"Documentary",7.7,1,"Good (>7)",2.39789527279837
2002,99,8.5,1311,"Action",4.1,0,"Poor (<=7)",7.17930796950403
1977,92,14.1,140,"Comedy",8.4,1,"Good (>7)",4.94875989037817
1940,7,12.8,8,"Animation",7.6,1,"Good (>7)",2.19722457733622
1937,61,12.2,8,"Action",4.3,0,"Poor (<=7)",2.19722457733622
1989,109,7.1,1008,"Drama",5.7,0,"Poor (<=7)",6.91671502035361
1959,125,14.5,251,"Drama",4.2,0,"Poor (<=7)",5.52942908751142
2004,98,8.8,14,"Comedy",3.9,0,"Poor (<=7)",2.70805020110221
1973,85,10.5,47,"Drama",4.7,0,"Poor (<=7)",3.87120101090789
1991,83,14,17,"Documentary",7.8,1,"Good (>7)",2.89037175789616
1997,91,14.6,572,"Comedy",7.9,1,"Good (>7)",6.35088571671474
1997,100,12.1,53,"Drama",3.9,0,"Poor (<=7)",3.98898404656427
1989,103,11.4,1022,"Comedy",7.8,1,"Good (>7)",6.93049476595163
1960,90,13,49,"Action",4.5,0,"Poor (<=7)",3.91202300542815
1998,120,11.6,7,"Action",2.9,0,"Poor (<=7)",2.07944154167984
1947,11,15.1,15,"Comedy",8.4,1,"Good (>7)",2.77258872223978
1993,60,10.9,144,"Action",4,0,"Poor (<=7)",4.97673374242057
1980,85,17.2,64,"Action",7.9,1,"Good (>7)",4.17438726989564
1988,98,10.8,163,"Action",2,0,"Poor (<=7)",5.0998664278242
1981,90,12.6,35,"Action",4.7,0,"Poor (<=7)",3.58351893845611
1954,71,11.2,22,"Action",4.3,0,"Poor (<=7)",3.13549421592915
2003,87,15.2,42,"Drama",3.1,0,"Poor (<=7)",3.76120011569356
1978,94,7.6,124,"Drama",2.9,0,"Poor (<=7)",4.8283137373023
1950,6,14.2,9,"Animation",8.6,1,"Good (>7)",2.30258509299405
2003,75,15.3,11,"Documentary",8,1,"Good (>7)",2.484906649788
1975,93,9.7,11,"Action",2.8,0,"Poor (<=7)",2.484906649788
1999,8,17.6,68,"Animation",8,1,"Good (>7)",4.23410650459726
1964,184,11.8,996,"Drama",4.2,0,"Poor (<=7)",6.90475076996184
1949,87,13.5,206,"Drama",2.3,0,"Poor (<=7)",5.33271879326537
1952,40,15.1,38,"Drama",8.1,1,"Good (>7)",3.66356164612965
1954,89,13.2,8,"Drama",5.5,0,"Poor (<=7)",2.19722457733622
1978,98,13.7,104,"Action",3.9,0,"Poor (<=7)",4.65396035015752
1942,10,8.1,7,"Documentary",7.9,1,"Good (>7)",2.07944154167984
2002,92,10.8,197,"Comedy",4.1,0,"Poor (<=7)",5.28826703069454
1996,84,11.6,3613,"Action",8,1,"Good (>7)",8.19257047115217
1995,93,6.6,1158,"Drama",4,0,"Poor (<=7)",7.05531284333975
2003,124,9.4,17,"Action",3.8,0,"Poor (<=7)",2.89037175789616
1914,82,13.6,247,"Comedy",8.1,1,"Good (>7)",5.51342874616498
2003,86,8.7,6,"Drama",5.2,0,"Poor (<=7)",1.94591014905531
1919,90,8.7,789,"Drama",3.4,0,"Poor (<=7)",6.67203294546107
1932,79,13.9,60,"Drama",3.7,0,"Poor (<=7)",4.11087386417331
1976,85,10.8,9,"Documentary",8.2,1,"Good (>7)",2.30258509299405
1938,7,9.3,17,"Animation",8.2,1,"Good (>7)",2.89037175789616
1967,105,13.9,1064,"Drama",5.3,0,"Poor (<=7)",6.97073007814353
2003,2,10,5,"Short",7.4,1,"Good (>7)",1.79175946922805
1956,6,11.8,47,"Animation",7.8,1,"Good (>7)",3.87120101090789
1987,100,10.5,318,"Action",4.7,0,"Poor (<=7)",5.76519110278484
1945,91,15.6,320,"Romance",3.9,0,"Poor (<=7)",5.77144112313002
2003,14,17.3,22,"Short",7.4,1,"Good (>7)",3.13549421592915
1947,89,10.1,16,"Action",4.2,0,"Poor (<=7)",2.83321334405622
1998,90,14.5,43,"Comedy",8.3,1,"Good (>7)",3.78418963391826
1980,27,15.2,5,"Short",8.2,1,"Good (>7)",1.79175946922805
1994,28,15.4,51,"Comedy",7.6,1,"Good (>7)",3.95124371858143
1985,130,11.2,29,"Drama",4.3,0,"Poor (<=7)",3.40119738166216
1918,63,13.7,86,"Drama",4.6,0,"Poor (<=7)",4.46590811865458
1999,95,12.2,308,"Action",4.4,0,"Poor (<=7)",5.73334127689775
1986,111,12.3,2107,"Action",4.5,0,"Poor (<=7)",7.65349490966125
1979,92,14,183,"Comedy",8.2,1,"Good (>7)",5.21493575760899
1954,88,7.9,114,"Action",4.4,0,"Poor (<=7)",4.74493212836325
1987,25,4.6,19,"Short",8.2,1,"Good (>7)",2.99573227355399
1959,95,15.9,31,"Comedy",3.9,0,"Poor (<=7)",3.46573590279973
1968,6,13.2,11,"Animation",7.8,1,"Good (>7)",2.484906649788
1994,87,13.8,137,"Action",2.6,0,"Poor (<=7)",4.9272536851572
1949,82,9.9,137,"Drama",3.4,0,"Poor (<=7)",4.9272536851572
1993,14,14.4,9,"Short",8.5,1,"Good (>7)",2.30258509299405
1996,84,12.8,59,"Comedy",7.9,1,"Good (>7)",4.0943445622221
1956,144,14.8,106,"Drama",2.5,0,"Poor (<=7)",4.67282883446191
2000,97,12.8,623,"Comedy",4.5,0,"Poor (<=7)",6.43615036836943
1940,58,10.9,16,"Action",3.5,0,"Poor (<=7)",2.83321334405622
1999,88,11.2,5,"Action",3.6,0,"Poor (<=7)",1.79175946922805
1939,105,16.4,37,"Drama",4.8,0,"Poor (<=7)",3.63758615972639
1937,7,12,11,"Animation",8.1,1,"Good (>7)",2.484906649788
1941,80,11.6,7,"Comedy",8.4,1,"Good (>7)",2.07944154167984
1964,87,16.5,45,"Action",7.8,1,"Good (>7)",3.8286413964891
2001,34,6.9,5,"Short",8.2,1,"Good (>7)",1.79175946922805
1993,92,14.7,23,"Documentary",7.9,1,"Good (>7)",3.17805383034795
1989,83,12.7,22,"Action",4.6,0,"Poor (<=7)",3.13549421592915
1982,96,12,1103,"Comedy",7.7,1,"Good (>7)",7.00669522683704
2001,10,14,40,"Documentary",7.9,1,"Good (>7)",3.71357206670431
1975,88,13.5,361,"Action",4.2,0,"Poor (<=7)",5.89164421182577
1948,62,11.4,49,"Drama",3.9,0,"Poor (<=7)",3.91202300542815
1952,89,10.6,5,"Drama",3.3,0,"Poor (<=7)",1.79175946922805
1946,79,13.8,66,"Action",5.4,0,"Poor (<=7)",4.20469261939097
2003,5,13.8,9,"Short",8.5,1,"Good (>7)",2.30258509299405
2002,86,9.5,30,"Documentary",7.8,1,"Good (>7)",3.43398720448515
1992,88,11,14,"Action",4.7,0,"Poor (<=7)",2.70805020110221
2000,89,10.9,1461,"Comedy",4.9,0,"Poor (<=7)",7.28756064030972
1954,58,12.3,5,"Action",5.1,0,"Poor (<=7)",1.79175946922805
1993,99,14.8,40,"Comedy",8.8,1,"Good (>7)",3.71357206670431
2004,95,10.7,42,"Comedy",8,1,"Good (>7)",3.76120011569356
1963,7,5.1,34,"Animation",2.7,0,"Poor (<=7)",3.55534806148941
1976,100,13.5,82,"Action",4.5,0,"Poor (<=7)",4.4188406077966
2002,85,8.9,39,"Drama",5.8,0,"Poor (<=7)",3.68887945411394
2004,17,12.8,7,"Documentary",8.4,1,"Good (>7)",2.07944154167984
1960,111,14,42,"Drama",3.1,0,"Poor (<=7)",3.76120011569356
2001,13,12,16,"Comedy",8.4,1,"Good (>7)",2.83321334405622
1967,95,11.1,6,"Drama",3.4,0,"Poor (<=7)",1.94591014905531
2000,100,10,192,"Action",5.5,0,"Poor (<=7)",5.26269018890489
1968,104,11.4,84,"Action",2.9,0,"Poor (<=7)",4.44265125649032
1999,99,9.4,2058,"Action",4.9,0,"Poor (<=7)",7.62997570702779
1997,91,13.1,9,"Action",5.2,0,"Poor (<=7)",2.30258509299405
2000,15,11.8,5,"Short",8.6,1,"Good (>7)",1.79175946922805
1998,98,18.6,12091,"Action",7.7,1,"Good (>7)",9.40029935589935
1965,78,11.6,31,"Comedy",7.3,1,"Good (>7)",3.46573590279973
1997,92,15.1,27,"Documentary",7.5,1,"Good (>7)",3.3322045101752
1968,11,17.2,29,"Comedy",7.7,1,"Good (>7)",3.40119738166216
1962,126,11.9,156,"Drama",3.5,0,"Poor (<=7)",5.05624580534831
1986,102,14.6,31,"Romance",4.1,0,"Poor (<=7)",3.46573590279973
1962,135,13.1,604,"Drama",4.7,0,"Poor (<=7)",6.40522845803084
1990,105,11.4,151,"Drama",4.7,0,"Poor (<=7)",5.02388052084628
1982,90,12.5,6,"Action",4,0,"Poor (<=7)",1.94591014905531
1936,89,14.5,21,"Comedy",8.6,1,"Good (>7)",3.09104245335832
1958,158,13.8,586,"Drama",5.1,0,"Poor (<=7)",6.3750248198281
1938,78,10.3,9,"Drama",4.8,0,"Poor (<=7)",2.30258509299405
1987,110,10.1,4389,"Comedy",3.9,0,"Poor (<=7)",8.38708450606922
2000,79,10.9,424,"Documentary",7.6,1,"Good (>7)",6.05208916892442
1957,88,12.6,18,"Drama",5.1,0,"Poor (<=7)",2.94443897916644
1985,87,11.1,161,"Action",3.7,0,"Poor (<=7)",5.08759633523238
1950,55,12.1,10,"Action",3.4,0,"Poor (<=7)",2.39789527279837
1963,75,13.8,40,"Comedy",8.4,1,"Good (>7)",3.71357206670431
1932,60,17.4,8,"Action",8.4,1,"Good (>7)",2.19722457733622
1956,6,9.5,49,"Animation",8.2,1,"Good (>7)",3.91202300542815
1931,61,13.7,6,"Action",3.3,0,"Poor (<=7)",1.94591014905531
1997,93,15.9,44,"Drama",3.7,0,"Poor (<=7)",3.80666248977032
1943,65,5.7,68,"Animation",3.8,0,"Poor (<=7)",4.23410650459726
1989,35,12.3,21,"Documentary",8.7,1,"Good (>7)",3.09104245335832
1970,90,12.2,54,"Comedy",8.3,1,"Good (>7)",4.00733318523247
1966,30,15.3,11,"Documentary",8.2,1,"Good (>7)",2.484906649788
1948,98,13.2,29,"Comedy",7.7,1,"Good (>7)",3.40119738166216
2001,94,10.9,15,"Drama",2.8,0,"Poor (<=7)",2.77258872223978
1954,85,13,19,"Drama",2.9,0,"Poor (<=7)",2.99573227355399
1949,68,10.3,625,"Animation",2.4,0,"Poor (<=7)",6.4393503711001
1991,83,6.8,1257,"Comedy",2.9,0,"Poor (<=7)",7.13727843726039
2003,15,14.4,13,"Comedy",7.9,1,"Good (>7)",2.63905732961526
1940,124,10.3,10465,"Comedy",2.6,0,"Poor (<=7)",9.25588718693215
1949,8,12.4,25,"Animation",8.1,1,"Good (>7)",3.25809653802148
1997,100,11.3,61,"Action",3.5,0,"Poor (<=7)",4.12713438504509
1976,89,15.3,218,"Comedy",8,1,"Good (>7)",5.3890717298165
1959,96,13.3,8,"Drama",4.1,0,"Poor (<=7)",2.19722457733622
1991,100,12.3,8,"Action",3.6,0,"Poor (<=7)",2.19722457733622
1928,88,12.3,60,"Drama",4.7,0,"Poor (<=7)",4.11087386417331
1966,109,10.7,28,"Drama",5.5,0,"Poor (<=7)",3.36729582998647
1986,105,13.4,472,"Drama",3.1,0,"Poor (<=7)",6.15909538849193
2000,92,10,37,"Drama",3.9,0,"Poor (<=7)",3.63758615972639
1999,95,11,30,"Drama",2.3,0,"Poor (<=7)",3.43398720448515
1980,123,9.8,89,"Drama",4.6,0,"Poor (<=7)",4.49980967033027
1984,93,9.1,19,"Drama",4.6,0,"Poor (<=7)",2.99573227355399
1955,6,13.4,6,"Animation",8.3,1,"Good (>7)",1.94591014905531
2003,87,9.6,28,"Comedy",3.6,0,"Poor (<=7)",3.36729582998647
1955,108,12,184,"Comedy",5.6,0,"Poor (<=7)",5.22035582507832
2004,95,10.3,9,"Action",3.3,0,"Poor (<=7)",2.30258509299405
1952,110,12,11,"Drama",2.9,0,"Poor (<=7)",2.484906649788
1962,130,10,51,"Drama",5.5,0,"Poor (<=7)",3.95124371858143
1995,121,13.6,1401,"Drama",3.7,0,"Poor (<=7)",7.24565506759454
2004,15,7.4,7,"Short",7.9,1,"Good (>7)",2.07944154167984
1993,97,9.7,15,"Action",3.7,0,"Poor (<=7)",2.77258872223978
1962,124,13.1,55,"Drama",3.9,0,"Poor (<=7)",4.02535169073515
1999,82,10.8,6,"Action",4.9,0,"Poor (<=7)",1.94591014905531
1946,124,10.7,254,"Drama",4.7,0,"Poor (<=7)",5.54126354515843
2004,113,12,2732,"Action",5.5,0,"Poor (<=7)",7.91315518592807
1978,64,7.9,10,"Action",3.1,0,"Poor (<=7)",2.39789527279837
1931,248,6.6,6,"Action",4.3,0,"Poor (<=7)",1.94591014905531
2005,97,10.8,57,"Action",7.6,1,"Good (>7)",4.06044301054642
1969,85,14.1,9,"Drama",3.2,0,"Poor (<=7)",2.30258509299405
1957,71,11.6,35,"Drama",3.7,0,"Poor (<=7)",3.58351893845611
2002,104,8.8,1771,"Drama",5,0,"Poor (<=7)",7.47986413116503
1949,61,13.6,18,"Action",4.8,0,"Poor (<=7)",2.94443897916644
1989,65,13.8,19,"Action",3.1,0,"Poor (<=7)",2.99573227355399
1958,72,13.3,58,"Action",2.4,0,"Poor (<=7)",4.07753744390572
1999,75,10.8,5,"Documentary",8.4,1,"Good (>7)",1.79175946922805
1999,81,12.2,91,"Drama",3.3,0,"Poor (<=7)",4.52178857704904
2001,75,11.3,15,"Animation",4.5,0,"Poor (<=7)",2.77258872223978
1943,96,16,70,"Comedy",8.2,1,"Good (>7)",4.26267987704132
2002,93,12.3,12,"Action",5.1,0,"Poor (<=7)",2.56494935746154
1960,96,9,137,"Drama",5.2,0,"Poor (<=7)",4.9272536851572
1992,180,7.9,157,"Animation",4,0,"Poor (<=7)",5.06259503302697
1937,21,13.9,25,"Short",7.5,1,"Good (>7)",3.25809653802148
2004,108,10.6,7,"Action",4.2,0,"Poor (<=7)",2.07944154167984
1998,90,11.9,35,"Drama",4.8,0,"Poor (<=7)",3.58351893845611
1974,104,11.7,130,"Comedy",2.6,0,"Poor (<=7)",4.87519732320115
2001,84,18,16,"Drama",4.8,0,"Poor (<=7)",2.83321334405622
1951,91,10.1,42,"Drama",4.7,0,"Poor (<=7)",3.76120011569356
1998,25,11.4,13,"Short",8.4,1,"Good (>7)",2.63905732961526
1975,98,16.6,25,"Drama",3.1,0,"Poor (<=7)",3.25809653802148
1996,92,11.7,32,"Action",5.3,0,"Poor (<=7)",3.49650756146648
1982,104,11.4,7,"Action",3.1,0,"Poor (<=7)",2.07944154167984
2003,102,10.6,8,"Drama",3.5,0,"Poor (<=7)",2.19722457733622
1975,115,7,20,"Action",4.3,0,"Poor (<=7)",3.04452243772342
1976,95,11.6,34,"Drama",3.8,0,"Poor (<=7)",3.55534806148941
1994,84,15.7,75,"Comedy",7.4,1,"Good (>7)",4.33073334028633
1971,137,12.1,65283,"Drama",4.1,0,"Poor (<=7)",11.0865022622706
2004,70,10.4,5,"Documentary",8.3,1,"Good (>7)",1.79175946922805
1987,89,13.7,39,"Drama",4.3,0,"Poor (<=7)",3.68887945411394
1966,17,12.6,52,"Short",7.7,1,"Good (>7)",3.97029191355212
1982,93,11.5,27,"Drama",4,0,"Poor (<=7)",3.3322045101752
1967,83,13.8,8,"Action",4.1,0,"Poor (<=7)",2.19722457733622
1960,113,12.3,9,"Drama",3.5,0,"Poor (<=7)",2.30258509299405
1941,63,14.5,14,"Action",7.9,1,"Good (>7)",2.70805020110221
1965,108,12.6,518,"Action",6.4,0,"Poor (<=7)",6.25190388316589
1993,103,10.4,72,"Drama",4.4,0,"Poor (<=7)",4.29045944114839
1989,85,6.2,19,"Documentary",4.6,0,"Poor (<=7)",2.99573227355399
1941,74,16.6,9,"Action",8,1,"Good (>7)",2.30258509299405
1988,83,11.3,35,"Action",3.9,0,"Poor (<=7)",3.58351893845611
1988,7,14.3,22,"Animation",8,1,"Good (>7)",3.13549421592915
1991,89,21.5,80,"Comedy",8.2,1,"Good (>7)",4.39444915467244
1954,81,15.1,20,"Action",5,0,"Poor (<=7)",3.04452243772342
1980,89,10.6,9,"Comedy",7.9,1,"Good (>7)",2.30258509299405
1994,92,9.1,417,"Comedy",3.2,0,"Poor (<=7)",6.03548143252476
1973,108,15.8,60,"Drama",3.7,0,"Poor (<=7)",4.11087386417331
2004,138,12.4,1400,"Comedy",4.5,0,"Poor (<=7)",7.24494154633701
1935,30,10.8,80,"Documentary",7.7,1,"Good (>7)",4.39444915467244
2003,96,12.1,187,"Drama",3.7,0,"Poor (<=7)",5.23644196282995
1952,30,11.2,15,"Short",7.8,1,"Good (>7)",2.77258872223978
1956,27,10.9,45,"Comedy",8.1,1,"Good (>7)",3.8286413964891
1987,82,12.1,1363,"Comedy",8.3,1,"Good (>7)",7.21817683840341
1992,106,10.1,9,"Action",4.3,0,"Poor (<=7)",2.30258509299405
1933,6,15.4,11,"Animation",8,1,"Good (>7)",2.484906649788
1999,116,17.5,95,"Action",8,1,"Good (>7)",4.56434819146784
2001,107,12.8,6,"Action",5.8,0,"Poor (<=7)",1.94591014905531
2001,20,9.1,15,"Short",7,0,"Poor (<=7)",2.77258872223978
1995,38,13.3,28,"Documentary",8.2,1,"Good (>7)",3.36729582998647
2002,100,13.9,319,"Action",4.5,0,"Poor (<=7)",5.76832099579377
1986,130,18.2,3610,"Action",8.4,1,"Good (>7)",8.19174002127746
1997,84,8.3,28,"Comedy",4.3,0,"Poor (<=7)",3.36729582998647
1962,107,13.3,28,"Drama",4.2,0,"Poor (<=7)",3.36729582998647
1996,101,12,1843,"Drama",3.6,0,"Poor (<=7)",7.51969240411654
1940,106,11.1,1314,"Action",3.9,0,"Poor (<=7)",7.18159194461187
1982,105,9.5,7,"Action",4.1,0,"Poor (<=7)",2.07944154167984
1953,16,16.4,36,"Comedy",8.5,1,"Good (>7)",3.61091791264422
1993,82,12,6,"Drama",5.2,0,"Poor (<=7)",1.94591014905531
1990,87,10.1,9,"Documentary",8.1,1,"Good (>7)",2.30258509299405
2000,44,15.6,185,"Animation",8.3,1,"Good (>7)",5.2257466737132
1981,110,11.2,938,"Drama",3.9,0,"Poor (<=7)",6.84481547920826
1994,120,6.4,7,"Action",2.7,0,"Poor (<=7)",2.07944154167984
1983,88,11.3,22,"Comedy",7.2,1,"Good (>7)",3.13549421592915
1944,10,10.4,5,"Documentary",7.7,1,"Good (>7)",1.79175946922805
1992,100,9.1,32,"Action",4,0,"Poor (<=7)",3.49650756146648
1996,100,8.5,14,"Comedy",3.4,0,"Poor (<=7)",2.70805020110221
1994,98,16.3,5976,"Action",7.8,1,"Good (>7)",8.69567404882425
1950,92,11.1,45,"Action",2.2,0,"Poor (<=7)",3.8286413964891
2001,110,11,29,"Drama",1.8,0,"Poor (<=7)",3.40119738166216
1966,70,14.9,94,"Documentary",8,1,"Good (>7)",4.55387689160054
1999,90,15.2,15,"Comedy",2.3,0,"Poor (<=7)",2.77258872223978
1941,69,9.6,7,"Comedy",7.7,1,"Good (>7)",2.07944154167984
1989,85,14.1,73,"Action",3.3,0,"Poor (<=7)",4.30406509320417
1964,16,8.8,10,"Documentary",7.7,1,"Good (>7)",2.39789527279837
1992,90,9.9,28,"Action",4.3,0,"Poor (<=7)",3.36729582998647
1949,68,17.6,24,"Action",7.6,1,"Good (>7)",3.2188758248682
1975,11,14.8,7,"Animation",8.2,1,"Good (>7)",2.07944154167984
1984,112,14.1,72,"Comedy",8.5,1,"Good (>7)",4.29045944114839
1952,6,12.2,41,"Animation",8,1,"Good (>7)",3.73766961828337
1995,93,12.1,7,"Action",3.9,0,"Poor (<=7)",2.07944154167984
1936,72,10.9,108,"Action",3.6,0,"Poor (<=7)",4.69134788222914
1994,95,3.3,106,"Action",4.2,0,"Poor (<=7)",4.67282883446191
1970,139,15.4,13,"Drama",4.8,0,"Poor (<=7)",2.63905732961526
1972,250,14.1,4007,"Drama",6.5,0,"Poor (<=7)",8.2960476427647
1995,102,7.5,4085,"Drama",4.2,0,"Poor (<=7)",8.31532177537757
1932,78,12.1,274,"Drama",3.5,0,"Poor (<=7)",5.61677109766657
1930,10,14.3,15,"Comedy",7.7,1,"Good (>7)",2.77258872223978
2005,30,9.2,7,"Action",7.8,1,"Good (>7)",2.07944154167984
1946,65,18.4,6,"Action",7.6,1,"Good (>7)",1.94591014905531
1996,17,12,55,"Short",8.1,1,"Good (>7)",4.02535169073515
2001,96,9.7,41,"Comedy",6.2,0,"Poor (<=7)",3.73766961828337
1974,112,9,13,"Drama",3.2,0,"Poor (<=7)",2.63905732961526
2004,97,11.1,870,"Comedy",3.8,0,"Poor (<=7)",6.7696419768525
1940,80,10.2,33,"Comedy",3.8,0,"Poor (<=7)",3.52636052461616
1997,108,7.2,305,"Comedy",4,0,"Poor (<=7)",5.72358510195238
2002,98,11.1,17,"Drama",3.9,0,"Poor (<=7)",2.89037175789616
1992,97,12.4,96,"Action",3.3,0,"Poor (<=7)",4.57471097850338
1956,98,10,50,"Drama",4.7,0,"Poor (<=7)",3.93182563272433
1945,100,16.2,58,"Drama",2.3,0,"Poor (<=7)",4.07753744390572
2004,26,15.6,9,"Documentary",8.3,1,"Good (>7)",2.30258509299405
1935,68,7.4,46,"Drama",2.6,0,"Poor (<=7)",3.85014760171006
1961,99,19.6,5,"Action",8.3,1,"Good (>7)",1.79175946922805
1977,118,13.2,109,"Drama",3.2,0,"Poor (<=7)",4.70048036579242
1984,96,9.3,135,"Action",6,0,"Poor (<=7)",4.91265488573605
1950,101,11.6,10,"Drama",3,0,"Poor (<=7)",2.39789527279837
1936,64,12,35,"Drama",5.4,0,"Poor (<=7)",3.58351893845611
1941,73,10.7,14,"Drama",3.5,0,"Poor (<=7)",2.70805020110221
1955,71,12.6,10,"Drama",4,0,"Poor (<=7)",2.39789527279837
1964,80,6.9,17,"Comedy",5.1,0,"Poor (<=7)",2.89037175789616
2001,94,8.5,25,"Drama",3,0,"Poor (<=7)",3.25809653802148
1942,77,7.7,9,"Action",4,0,"Poor (<=7)",2.30258509299405
1976,100,12.6,17,"Drama",4.1,0,"Poor (<=7)",2.89037175789616
1944,18,12.5,64,"Drama",8.7,1,"Good (>7)",4.17438726989564
1969,93,17.6,45,"Drama",3.9,0,"Poor (<=7)",3.8286413964891
1948,75,11.9,10,"Drama",4.3,0,"Poor (<=7)",2.39789527279837
1949,118,14.9,849,"Action",2.3,0,"Poor (<=7)",6.74523634948436
1998,146,11.7,97,"Documentary",7.8,1,"Good (>7)",4.58496747867057
1988,93,11.1,1074,"Comedy",7.8,1,"Good (>7)",6.98007594056176
1947,105,13.3,48,"Comedy",3.4,0,"Poor (<=7)",3.89182029811063
1987,12,9.2,6,"Drama",8.1,1,"Good (>7)",1.94591014905531
2003,88,9,5,"Comedy",2.5,0,"Poor (<=7)",1.79175946922805
1956,95,15.5,21,"Comedy",7.3,1,"Good (>7)",3.09104245335832
1960,121,15.1,28,"Comedy",7.9,1,"Good (>7)",3.36729582998647
1975,100,9.1,35,"Comedy",4.9,0,"Poor (<=7)",3.58351893845611
1968,76,12.4,8,"Action",5.2,0,"Poor (<=7)",2.19722457733622
1981,78,13.3,20,"Action",3.3,0,"Poor (<=7)",3.04452243772342
1998,75,9.2,27,"Documentary",7.5,1,"Good (>7)",3.3322045101752
2001,89,13.7,8,"Comedy",4,0,"Poor (<=7)",2.19722457733622
1987,100,17.2,15,"Action",8,1,"Good (>7)",2.77258872223978
1968,96,13.7,150,"Action",5.2,0,"Poor (<=7)",5.01727983681492
1998,94,10.3,7,"Action",4.3,0,"Poor (<=7)",2.07944154167984
1996,114,7.8,1232,"Drama",2.7,0,"Poor (<=7)",7.11720550316434
1972,94,12.3,62,"Drama",4.6,0,"Poor (<=7)",4.14313472639153
1976,105,11,586,"Comedy",8.3,1,"Good (>7)",6.3750248198281
1974,98,13.6,27,"Action",4.4,0,"Poor (<=7)",3.3322045101752
1988,90,4.5,55,"Action",3.1,0,"Poor (<=7)",4.02535169073515
1972,82,9.2,6,"Action",5.8,0,"Poor (<=7)",1.94591014905531
1991,98,15.3,115,"Romance",4,0,"Poor (<=7)",4.75359019110636
1998,105,10.6,94,"Action",2.4,0,"Poor (<=7)",4.55387689160054
2001,82,11.8,412,"Action",3.8,0,"Poor (<=7)",6.02344759296103
2003,11,9.8,8,"Drama",7.8,1,"Good (>7)",2.19722457733622
1938,80,13,162,"Comedy",3.2,0,"Poor (<=7)",5.09375020080676
2005,113,10.5,18,"Romance",5.4,0,"Poor (<=7)",2.94443897916644
1975,92,11.1,164,"Comedy",7.5,1,"Good (>7)",5.10594547390058
2005,90,17,9,"Drama",4.9,0,"Poor (<=7)",2.30258509299405
2002,77,12.8,18,"Animation",4.5,0,"Poor (<=7)",2.94443897916644
1971,149,13,38,"Drama",3,0,"Poor (<=7)",3.66356164612965
1996,100,13,14,"Comedy",8.1,1,"Good (>7)",2.70805020110221
1993,92,10.5,46,"Action",3.8,0,"Poor (<=7)",3.85014760171006
1929,81,13.2,16,"Comedy",7.8,1,"Good (>7)",2.83321334405622
1998,91,7.8,216,"Action",2.7,0,"Poor (<=7)",5.37989735354046
1996,88,15.7,2606,"Action",4.3,0,"Poor (<=7)",7.8659554139335
1994,177,12.2,60,"Action",4.4,0,"Poor (<=7)",4.11087386417331
1932,79,11,19,"Drama",3.3,0,"Poor (<=7)",2.99573227355399
1923,82,13.9,17,"Drama",2.7,0,"Poor (<=7)",2.89037175789616
1939,8,8.4,11,"Animation",8.1,1,"Good (>7)",2.484906649788
2003,7,11.8,156,"Animation",3.7,0,"Poor (<=7)",5.05624580534831
1937,7,12.9,5,"Animation",8.2,1,"Good (>7)",1.79175946922805
2000,90,16.5,8,"Action",8.3,1,"Good (>7)",2.19722457733622
1980,108,13.3,77,"Comedy",8.2,1,"Good (>7)",4.35670882668959
2001,9,14.7,5,"Short",7.3,1,"Good (>7)",1.79175946922805
1939,97,14.2,18,"Action",3.5,0,"Poor (<=7)",2.94443897916644
2000,93,14.3,32,"Comedy",8.6,1,"Good (>7)",3.49650756146648
1936,54,11.5,77,"Action",2.6,0,"Poor (<=7)",4.35670882668959
1934,81,6.3,33,"Comedy",3.4,0,"Poor (<=7)",3.52636052461616
1986,96,11.5,146,"Comedy",8.6,1,"Good (>7)",4.99043258677874
2003,74,10.6,7,"Documentary",8.3,1,"Good (>7)",2.07944154167984
1930,104,8.8,6,"Comedy",3.9,0,"Poor (<=7)",1.94591014905531
2003,98,8,8370,"Drama",3.4,0,"Poor (<=7)",9.03252863066006
1991,114,12.4,26,"Documentary",7.8,1,"Good (>7)",3.29583686600433
1963,61,13.6,9,"Drama",3.8,0,"Poor (<=7)",2.30258509299405
1995,84,13.2,50,"Action",3.8,0,"Poor (<=7)",3.93182563272433
1975,110,13.1,10,"Drama",4.4,0,"Poor (<=7)",2.39789527279837
1947,112,8.9,5,"Drama",3.6,0,"Poor (<=7)",1.79175946922805
2002,100,15.8,20,"Action",4.4,0,"Poor (<=7)",3.04452243772342
1982,99,10.8,562,"Action",3.9,0,"Poor (<=7)",6.33327962813969
1954,78,11.5,44,"Action",2.1,0,"Poor (<=7)",3.80666248977032
1974,97,5.1,27,"Drama",3.9,0,"Poor (<=7)",3.3322045101752
1996,122,16.4,704,"Drama",4.2,0,"Poor (<=7)",6.55819780281227
1967,91,16,64,"Comedy",8.2,1,"Good (>7)",4.17438726989564
1951,23,10.5,74,"Short",8.2,1,"Good (>7)",4.31748811353631
2001,87,11.8,4025,"Comedy",3.3,0,"Poor (<=7)",8.30052860619974
1978,121,10.2,7617,"Drama",4.9,0,"Poor (<=7)",8.93826914703855
1955,92,9.5,8,"Drama",5.4,0,"Poor (<=7)",2.19722457733622
1999,91,12.6,15,"Drama",3.1,0,"Poor (<=7)",2.77258872223978
2003,5,12.6,5,"Short",8.2,1,"Good (>7)",1.79175946922805
1999,10,10.1,7,"Animation",3.8,0,"Poor (<=7)",2.07944154167984
1968,106,16,558,"Comedy",7.3,1,"Good (>7)",6.3261494731551
1996,100,8.5,203,"Comedy",4.5,0,"Poor (<=7)",5.31811999384422
2004,115,13.7,7,"Action",2.7,0,"Poor (<=7)",2.07944154167984
1995,136,8.9,13904,"Comedy",4.9,0,"Poor (<=7)",9.54000376666806
1988,88,15.1,55,"Drama",4.1,0,"Poor (<=7)",4.02535169073515
1984,98,11.9,17,"Action",4.2,0,"Poor (<=7)",2.89037175789616
1986,80,13.9,29,"Action",4.7,0,"Poor (<=7)",3.40119738166216
1997,127,11.3,20029,"Drama",4.5,0,"Poor (<=7)",9.90498642865986
1954,68,17.2,7,"Drama",4.2,0,"Poor (<=7)",2.07944154167984
1981,92,10,37,"Action",4.2,0,"Poor (<=7)",3.63758615972639
1927,20,7.9,33,"Comedy",7.8,1,"Good (>7)",3.52636052461616
1997,100,15.2,28,"Comedy",2.9,0,"Poor (<=7)",3.36729582998647
1966,100,10.9,52,"Action",8.4,1,"Good (>7)",3.97029191355212
1946,8,13.9,9,"Animation",8.1,1,"Good (>7)",2.30258509299405
1941,118,12.1,2662,"Drama",4.2,0,"Poor (<=7)",7.88720858581393
2000,81,15.2,55,"Action",4.2,0,"Poor (<=7)",4.02535169073515
2000,100,12.8,78,"Comedy",2.7,0,"Poor (<=7)",4.36944785246702
1953,90,12.5,43,"Drama",3.4,0,"Poor (<=7)",3.78418963391826
2000,85,8.7,2492,"Comedy",3,0,"Poor (<=7)",7.82124208352356
1977,93,17.5,17,"Action",8.2,1,"Good (>7)",2.89037175789616
1999,93,15.6,115,"Action",4,0,"Poor (<=7)",4.75359019110636
2001,92,10.7,83,"Drama",3.6,0,"Poor (<=7)",4.43081679884331
1981,87,10.3,44,"Action",7.5,1,"Good (>7)",3.80666248977032
1939,71,12.2,18,"Comedy",7.8,1,"Good (>7)",2.94443897916644
2004,5,15.8,5,"Comedy",7.8,1,"Good (>7)",1.79175946922805
1932,70,3.7,128,"Comedy",3.1,0,"Poor (<=7)",4.85981240436167
1955,80,11,55,"Action",4.3,0,"Poor (<=7)",4.02535169073515
1998,103,9.4,165,"Drama",5.4,0,"Poor (<=7)",5.11198778835654
2000,11,9.2,6,"Comedy",8.4,1,"Good (>7)",1.94591014905531
1938,10,6.1,6,"Short",8,1,"Good (>7)",1.94591014905531
2002,85,11.8,17,"Comedy",3.8,0,"Poor (<=7)",2.89037175789616
1983,112,7.6,7,"Documentary",4.3,0,"Poor (<=7)",2.07944154167984
2001,110,13.8,191,"Comedy",3.4,0,"Poor (<=7)",5.25749537202778
2001,106,14,74,"Action",2.8,0,"Poor (<=7)",4.31748811353631
1982,58,17.3,7,"Documentary",7.9,1,"Good (>7)",2.07944154167984
1975,95,11.1,25,"Action",2.7,0,"Poor (<=7)",3.25809653802148
1947,7,14.6,13,"Animation",8.2,1,"Good (>7)",2.63905732961526
1993,127,14.5,5786,"Action",2.4,0,"Poor (<=7)",8.66336930157384
1995,80,14.8,70,"Action",3.5,0,"Poor (<=7)",4.26267987704132
1967,6,12.5,8,"Animation",8.4,1,"Good (>7)",2.19722457733622
1998,114,8.9,1089,"Drama",4.9,0,"Poor (<=7)",6.99393297522319
2004,141,9.3,2151,"Drama",3.7,0,"Poor (<=7)",7.67415292128168
1997,84,13.8,42,"Action",4.7,0,"Poor (<=7)",3.76120011569356
2003,109,10.6,1184,"Comedy",4.2,0,"Poor (<=7)",7.07749805356923
1943,73,17.8,47,"Comedy",8,1,"Good (>7)",3.87120101090789
2004,120,16.1,24499,"Drama",3.5,0,"Poor (<=7)",10.1064283965328
1980,100,7.8,587,"Comedy",4.8,0,"Poor (<=7)",6.37672694789863
2002,40,16.4,36,"Documentary",8.5,1,"Good (>7)",3.61091791264422
1999,100,12.7,36,"Action",5.5,0,"Poor (<=7)",3.61091791264422
1991,112,10,184,"Action",2.2,0,"Poor (<=7)",5.22035582507832
1945,22,16.5,5,"Documentary",7.7,1,"Good (>7)",1.79175946922805
1950,104,15.3,58,"Action",3.3,0,"Poor (<=7)",4.07753744390572
1961,90,6.7,15,"Action",3.9,0,"Poor (<=7)",2.77258872223978
1986,98,12.5,523,"Drama",2.8,0,"Poor (<=7)",6.26149168432104
1970,104,14,199,"Comedy",8,1,"Good (>7)",5.29831736654804
1940,66,9.8,13,"Comedy",8.2,1,"Good (>7)",2.63905732961526
1991,91,12,32,"Action",3.3,0,"Poor (<=7)",3.49650756146648
1967,80,11.6,82,"Action",4.8,0,"Poor (<=7)",4.4188406077966
1979,99,7.1,6,"Action",2.5,0,"Poor (<=7)",1.94591014905531
2004,82,13.6,27,"Comedy",7.8,1,"Good (>7)",3.3322045101752
1984,102,9.8,82,"Drama",4,0,"Poor (<=7)",4.4188406077966
1982,92,6.6,34,"Action",5.1,0,"Poor (<=7)",3.55534806148941
1937,64,11,43,"Action",2.5,0,"Poor (<=7)",3.78418963391826
1967,95,16.7,19,"Action",7.6,1,"Good (>7)",2.99573227355399
1962,82,16.9,953,"Action",8.1,1,"Good (>7)",6.86066367144829
2004,102,12.8,10,"Action",8.5,1,"Good (>7)",2.39789527279837
1981,113,11.2,84,"Action",1.8,0,"Poor (<=7)",4.44265125649032
1983,125,9,12,"Drama",5.2,0,"Poor (<=7)",2.56494935746154
1936,92,14.5,44,"Comedy",7.9,1,"Good (>7)",3.80666248977032
2004,98,11.7,1367,"Comedy",8,1,"Good (>7)",7.2211050981825
2003,91,15.1,742,"Action",5.4,0,"Poor (<=7)",6.61069604471776
1916,25,13.9,105,"Comedy",7.9,1,"Good (>7)",4.66343909411207
1944,10,11.6,36,"Short",7.4,1,"Good (>7)",3.61091791264422
1992,95,9.6,21,"Comedy",2.7,0,"Poor (<=7)",3.09104245335832
1941,84,12.6,13,"Drama",6.3,0,"Poor (<=7)",2.63905732961526
1962,119,7.3,534,"Action",3.2,0,"Poor (<=7)",6.28226674689601
1966,79,20.6,52,"Action",7.5,1,"Good (>7)",3.97029191355212
2003,85,8.6,6,"Animation",4.6,0,"Poor (<=7)",1.94591014905531
1964,92,9.7,7,"Action",3.6,0,"Poor (<=7)",2.07944154167984
1952,87,13.2,14,"Comedy",7.6,1,"Good (>7)",2.70805020110221
1964,94,12.7,135,"Comedy",8.1,1,"Good (>7)",4.91265488573605
